"varID","Study","R","varR","TrCode","System.Type","Duration","Site.Name","Source.Reference"
2,1,0.102883046533642,0.0225844865539256,2,6,6,"Abisko_mesic dwarf shrub","Rinnan et al., 2007"
2,1,-0.0748174893892793,0.0436805193167423,2,6,6,"Abisko_mesic dwarf shrub","Rinnan et al., 2007"
3,2,-0.0935333049915502,0.061346818827269,2,4,4,"Abisko_subalpine heath (Paddustieva)","Christensen et al., 1997"
3,2,0.304160869228048,0.0639869628620772,2,4,4,"Abisko_subalpine heath (Paddustieva)","Christensen et al., 1997"
3,2,-0.330295602738114,0.0690484658972586,2,4,4,"Abisko_subalpine heath (Paddustieva)","Christensen et al., 1997"
3,2,-0.865365047268451,0.0920188400347345,2,4,4,"Abisko_subalpine heath (Paddustieva)","Christensen et al., 1997"
3,2,-0.269537148180874,0.0810943264304742,2,4,4,"Abisko_subalpine heath (Paddustieva)","Christensen et al., 1997"
3,2,0.996264028561129,0.145552124819089,2,4,4,"Abisko_subalpine heath (Paddustieva)","Christensen et al., 1997"
3,2,1.08874998778215,0.106301169196099,2,4,4,"Abisko_subalpine heath (Paddustieva)","Christensen et al., 1997"
3,2,1.14432212543177,0.202233015427026,2,4,4,"Abisko_subalpine heath (Paddustieva)","Christensen et al., 1997"
1,3,1.44691898293633,3.77622188581315,1,3,0,"Amsterdam Greenhouses","Hoorens et al., 2003"
1,3,0.253780520776099,0.0690008302220395,1,3,0,"Amsterdam Greenhouses","Hoorens et al., 2003"
1,3,0.599889687073363,0.0795584522797038,1,3,0,"Amsterdam Greenhouses","Hoorens et al., 2003"
1,3,0.596816071621513,0.0515678203723195,1,3,0,"Amsterdam Greenhouses","Hoorens et al., 2003"
1,3,0.326091520566652,0.0617509863399667,1,3,0,"Amsterdam Greenhouses","Hoorens et al., 2003"
3,5,0.107069784973052,0.0930381016895058,2,3,2,"Antwerp_grasslands","De Boeck et al., 2007"
3,5,-0.270798684526783,0.138247023462901,2,3,1,"Antwerp_grasslands","De Boeck et al., 2007"
3,5,0.0450605164704393,0.0794253963947588,2,3,2,"Antwerp_grasslands","De Boeck et al., 2007"
3,5,-0.0696721829058418,0.134143097161456,2,3,1,"Antwerp_grasslands","De Boeck et al., 2007"
3,5,0.0389258645769486,0.0609510258852314,2,3,2,"Antwerp_grasslands","De Boeck et al., 2007"
2,5,-0.355944135969861,0.0624355529691879,2,3,2,"Antwerp_grasslands","De Boeck et al., 2008"
2,5,0.00209215357231458,0.0380953258585441,2,3,2,"Antwerp_grasslands","De Boeck et al., 2008"
1,5,-0.361053178623092,0.0313930333925749,2,3,1,"Antwerp_grasslands","De Boeck et al., 2008"
2,5,-0.196916471340896,0.0819734473200207,2,3,0,"Antwerp_grasslands","De Boeck et al., 2008"
2,5,-0.229651686549549,0.041282774994067,2,3,0,"Antwerp_grasslands","De Boeck et al., 2008"
1,5,-0.241332121032459,0.00397887404814976,2,3,0,"Antwerp_grasslands","De Boeck et al., 2008"
1,5,-0.211401767345254,0.00273831309540447,2,3,0,"Antwerp_grasslands","De Boeck et al., 2008"
1,5,-0.299903341989554,0.142105755760435,2,3,1,"Antwerp_grasslands","De Boeck et al., 2008"
3,5,0.154766114294817,0.0805029241623833,2,3,1,"Antwerp_grasslands","De Boeck et al., 2007"
1,5,-0.285099429133477,0.133190000271416,2,3,2,"Antwerp_grasslands","De Boeck et al., 2008"
2,5,-0.292999982477935,0.302645596813878,2,3,1,"Antwerp_grasslands","De Boeck et al., 2008"
2,5,-0.220941998378758,0.336641578243428,2,3,2,"Antwerp_grasslands","De Boeck et al., 2008"
1,5,-0.375868477902216,0.0195873412295456,2,3,1,"Antwerp_grasslands","De Boeck et al., 2008"
1,5,-0.489827025389014,0.0513561162150172,2,3,1,"Antwerp_grasslands","De Boeck et al., 2008"
1,5,-0.185047373185523,0.00928341343316734,2,3,0,"Antwerp_grasslands","De Boeck et al., 2008"
1,5,-0.197561695925266,0.0314863751512626,2,3,2,"Antwerp_grasslands","De Boeck et al., 2008"
1,5,-0.271093683811274,0.0538988261128489,2,3,2,"Antwerp_grasslands","De Boeck et al., 2008"
1,5,-0.401224880083559,0.0039124034928071,2,3,1,"Antwerp_grasslands","De Boeck et al., 2008"
1,5,-0.516268860902703,0.00909120830616902,2,3,1,"Antwerp_grasslands","De Boeck et al., 2008"
1,5,-0.526114033670971,0.111649093017816,2,3,2,"Antwerp_grasslands","De Boeck et al., 2008"
1,5,-0.542347954766513,0.10638042375044,2,3,2,"Antwerp_grasslands","De Boeck et al., 2008"
1,5,-0.288019675767732,0.0158207476688308,2,3,1,"Antwerp_grasslands","De Boeck et al., 2008"
2,5,-0.67234287084079,0.256194392708754,2,3,1,"Antwerp_grasslands","De Boeck et al., 2008"
2,5,-1.16376673350167,0.39644686253645,2,3,1,"Antwerp_grasslands","De Boeck et al., 2008"
2,5,-0.567215865889749,0.0774163052944536,2,3,0,"Antwerp_grasslands","De Boeck et al., 2008"
3,4,0.565807758183344,0.0387784713560597,3,3,0,"Antwerp_grasslands","Zavalloni (unpublished)"
1,4,0.486351579988721,0.0735543181527022,3,3,0,"Antwerp_grasslands","Zavalloni (unpublished)"
1,4,0.213573862202849,0.0176931575179151,3,3,0,"Antwerp_grasslands","Zavalloni (unpublished)"
1,4,0.189867576168443,0.0153792505866044,3,3,0,"Antwerp_grasslands","Zavalloni (unpublished)"
1,4,0.0555730133151355,0.00695997666112883,3,3,0,"Antwerp_grasslands","Zavalloni (unpublished)"
2,6,0.857450231851221,0.102345345851839,1,5,0,"Antwerp_OTC","Janssens et al., 1998"
1,6,0.517091665344637,0.126173698384314,1,5,2,"Antwerp_OTC","Janssens et al., 2005"
2,6,0.925465108150196,0.0270248906710717,1,5,2,"Antwerp_OTC","Jach et al., 2000"
2,6,1.01914811731386,0.0110376019316835,1,5,1,"Antwerp_OTC","Janssens et al., 2005"
1,6,0.298492988555997,0.0912669516367282,1,5,3,"Antwerp_OTC","Janssens et al., 2005"
2,6,0.918953849293639,0.0952048589025679,1,5,2,"Antwerp_OTC","Janssens et al., 2005"
3,6,0.170062220334,0.0889277774422068,1,5,0,"Antwerp_OTC","Janssens et al., 1998"
2,6,0.647017408832444,0.0665160003515604,1,5,3,"Antwerp_OTC","Janssens et al., 2005"
3,6,0.182688569946068,0.0360046225123653,1,5,0,"Antwerp_OTC","Janssens et al., 1998"
3,6,0.338953589678298,0.0540871741087675,1,5,0,"Antwerp_OTC","Janssens et al., 1998"
1,6,0.663166348348009,0.010048073427158,1,5,1,"Antwerp_OTC","Janssens et al., 2005"
3,7,0.615760516944525,0.20380676439799,2,5,1,"Austrian Alps","Schindlbacher et al., 2009"
3,7,0.673729094702844,0.619000444185099,2,5,1,"Austrian Alps","Schindlbacher et al., 2009"
3,7,0.628608659422374,0.159892102846648,2,5,0,"Austrian Alps","Schindlbacher et al., 2009"
3,7,0.451985123743057,0.111195287485939,2,5,0,"Austrian Alps","Schindlbacher et al., 2009"
3,7,0.537392651150712,0.215321579712913,2,5,1,"Austrian Alps","Schindlbacher et al., 2009"
3,7,0.54654370636807,0.198018374693803,2,5,1,"Austrian Alps","Schindlbacher et al., 2009"
3,7,0.348621209131636,0.0829318515251891,2,5,1,"Austrian Alps","Schindlbacher et al., 2009"
3,7,0.644620139665285,0.247958963435427,2,5,1,"Austrian Alps","Schindlbacher et al., 2009"
3,7,0.466189257170265,0.0977639356312688,2,5,1,"Austrian Alps","Schindlbacher et al., 2009"
3,7,0.368092765410059,0.11880659970082,2,5,0,"Austrian Alps","Schindlbacher et al., 2009"
3,7,0.388798055622953,0.172470016879472,2,5,0,"Austrian Alps","Schindlbacher et al., 2009"
3,7,0.514059256333055,0.426927149636489,2,5,1,"Austrian Alps","Schindlbacher et al., 2009"
3,7,0.429809680005902,0.151385265141688,2,5,1,"Austrian Alps","Schindlbacher et al., 2009"
3,7,0.392042087776024,0.0955488677867056,2,5,0,"Austrian Alps","Schindlbacher et al., 2009"
3,7,0.418710334858185,0.111452507955404,2,5,0,"Austrian Alps","Schindlbacher et al., 2009"
3,7,0.302746601913177,0.120756170224336,2,5,0,"Austrian Alps","Schindlbacher et al., 2009"
3,7,0.342841684906693,0.0295088388133251,2,5,1,"Austrian Alps","Schindlbacher et al., 2009"
3,7,0.283976992259236,0.134899579211537,2,5,1,"Austrian Alps","Schindlbacher et al., 2009"
3,7,0.189042657467032,0.0890544365711364,2,5,0,"Austrian Alps","Schindlbacher et al., 2009"
3,7,0.73973287979695,0.474895784406766,2,5,0,"Austrian Alps","Schindlbacher et al., 2009"
3,7,0.476165921940272,0.0790998741388515,2,5,1,"Austrian Alps","Schindlbacher et al., 2009"
3,7,0.415460647939843,0.0971412764904093,2,5,1,"Austrian Alps","Schindlbacher et al., 2009"
3,7,0.248072934356735,0.0589356394874892,2,5,1,"Austrian Alps","Schindlbacher et al., 2009"
1,8,0,0.0161111111111111,1,5,3,"BangorFACE","Hoosbeek et al., 2011"
1,8,0.181387413802158,0.00875652938200759,1,5,3,"BangorFACE","Hoosbeek et al., 2011"
1,8,0.15235314686511,0.00399829278138866,1,5,3,"BangorFACE","Hoosbeek et al., 2011"
3,9,-0.0544882246780083,0.133834779990671,1,5,2,"Basel_spruce","Hättenschwiler & Körner, 1997"
2,9,0.103429827486575,0.0144964409863181,1,5,2,"Basel_spruce","Hättenschwiler & Körner, 1998"
3,9,0.293835907386658,0.0206541266320756,1,5,2,"Basel_spruce","Hättenschwiler & Körner, 1997"
3,9,0.144084392060037,0.0105062429188985,1,5,2,"Basel_spruce","Hättenschwiler & Körner, 1997"
3,9,0.448024744077382,0.00815226473573048,1,5,2,"Basel_spruce","Hättenschwiler & Körner, 1997"
1,9,-0.0982176851742364,0.0028145813908501,1,5,2,"Basel_spruce","Hättenschwiler & Körner, 1998"
3,9,0.245532614239264,0.0398295079672698,1,5,2,"Basel_spruce","Hättenschwiler & Körner, 1997"
3,9,0.118290202750408,0.0164527656762667,1,5,2,"Basel_spruce","Hättenschwiler & Körner, 1997"
3,9,0.151611515485228,0.0132555706745073,1,5,2,"Basel_spruce","Hättenschwiler & Körner, 1997"
3,9,0.257480027889012,0.00648859451123529,1,5,2,"Basel_spruce","Hättenschwiler & Körner, 1997"
3,9,0.309406997657041,0.0105358457759502,1,5,2,"Basel_spruce","Hättenschwiler & Körner, 1997"
3,10,0.639079945532359,0.0141667530308799,1,5,0,"Basel_tropical","Körner & Arnone, 1992"
1,10,0.0631964192048063,0.00183660105876337,1,5,0,"Basel_tropical","Körner & Arnone, 1992"
2,10,0.268989939439628,0.000107295748567687,1,5,0,"Basel_tropical","Körner & Arnone, 1992"
1,11,0.0129034048359078,0.000231558569704799,1,5,1,"Basel_tropical","Arnone & Körner, 1995"
2,11,0.13834176267742,0.0108317124185126,1,5,1,"Basel_tropical","Arnone & Körner, 1995"
2,12,0.287430910827956,0.00765374301989703,1,5,3,"Bily Kriz","Janous et al., 1996"
3,13,0.218734129459639,0.0234844252724623,1,5,2,"Birmensdorf","Spinnler et al., 2002"
3,13,0.105360494131451,0.0155906303850013,1,5,3,"Birmensdorf","Spinnler et al., 2002"
2,13,0.106752418285627,0.0253637156345925,1,5,3,"Birmensdorf","Hagedorn et al., 2003"
3,13,0.135317520675954,0.0515441377546162,1,5,0,"Birmensdorf","Spinnler et al., 2002"
3,13,0.119287023273566,0.0192740535643536,1,5,0,"Birmensdorf","Spinnler et al., 2002"
3,13,0.262217569323718,0.0677843518028743,1,5,3,"Birmensdorf","Spinnler et al., 2002"
3,13,-0.372947506261911,0.0165476834242887,1,5,2,"Birmensdorf","Spinnler et al., 2002"
2,13,0.377919271773985,0.0161282841937495,1,5,3,"Birmensdorf","Hagedorn et al., 2003"
3,14,0.196603996079597,0.000558810423898824,1,4,1,"Brandbjerg","Selsted et al., 2011"
1,14,0.0152674721307884,0.271258006949778,1,4,1,"Brandbjerg","Andresen et al., 2009"
3,14,0.159105600280809,0.000535761262265309,1,4,2,"Brandbjerg","Selsted et al., 2011"
3,14,0.380350779624017,0.000582981179401241,3,4,1,"Brandbjerg","Selsted et al., 2011"
3,14,0.345767270417381,0.000548934222593803,3,4,2,"Brandbjerg","Selsted et al., 2011"
1,14,-0.300214488598589,0.837224487210654,3,4,1,"Brandbjerg","Andresen et al., 2009"
3,14,0.0775789926466007,0.000556866132071132,2,4,2,"Brandbjerg","Selsted et al., 2011"
3,14,0.0800427076735364,0.000575545851558901,2,4,1,"Brandbjerg","Selsted et al., 2011"
1,14,-0.00330214939575911,0.136563682878004,2,4,1,"Brandbjerg","Andresen et al., 2009"
3,15,0.392944351457433,0.0203427285088453,1,2,0,"Braunschweig FACE","Søe et al., 2004"
1,16,0.0386313785757949,0.143150088969927,2,4,3,"Capo Caccia","Penuelas et al., 2007"
3,17,-0.0567430551304181,2.99622396817128,1,3,8,"Cedar Creek_grassland","Adair et al., 2011"
3,17,0.19861981924351,2.60592458702249,1,3,8,"Cedar Creek_grassland","Adair et al., 2011"
3,17,0.562817659701024,3.12342517650314,1,3,8,"Cedar Creek_grassland","Adair et al., 2011"
1,17,0.246506202305409,0.0178650647736573,1,3,6,"Cedar Creek_grassland","Antoninka et al., 2011"
3,17,0.382135266211139,2.65467787771069,1,3,8,"Cedar Creek_grassland","Adair et al., 2011"
3,17,0.190797186421541,2.48470525720913,1,3,8,"Cedar Creek_grassland","Adair et al., 2011"
3,17,0.084833993954659,3.03810629318216,1,3,8,"Cedar Creek_grassland","Adair et al., 2011"
3,17,0.299223141548303,2.51279666493318,1,3,8,"Cedar Creek_grassland","Adair et al., 2011"
3,17,0.232462968100448,2.36691575513976,1,3,8,"Cedar Creek_grassland","Adair et al., 2011"
3,17,0.287895112652528,2.60401683173626,1,3,8,"Cedar Creek_grassland","Adair et al., 2011"
3,17,0.308562523621892,2.54217418404962,1,3,8,"Cedar Creek_grassland","Adair et al., 2011"
3,17,0.0623912773053073,2.2707377016655,1,3,8,"Cedar Creek_grassland","Adair et al., 2011"
3,17,0.216923269636529,2.2931542191298,1,3,8,"Cedar Creek_grassland","Adair et al., 2011"
2,17,0.0984405043866958,0.031672517729209,1,3,6,"Cedar Creek_grassland","Antoninka et al., 2011"
3,18,0,0.0221601866190821,2,5,2,"Central Alaska","Allison & Treseder, 2008"
3,18,-0.38776499153536,0.0262962955994982,2,5,2,"Central Alaska","Allison & Treseder, 2008"
3,18,-0.361012589279336,0.148857077027158,2,5,0,"Central Alaska","Allison & Treseder, 2008"
3,18,-0.693147180559945,0.0692042357012555,2,5,1,"Central Alaska","Allison & Treseder, 2008"
3,18,-0.0845577139422745,0.0271240245683101,2,5,1,"Central Alaska","Allison & Treseder, 2008"
3,18,0,0.12124751438836,2,5,0,"Central Alaska","Allison & Treseder, 2008"
3,18,-0.518793715319914,0.0444207981694429,2,5,1,"Central Alaska","Allison & Treseder, 2008"
3,18,0.0889466745363239,0.155987711924325,2,5,0,"Central Alaska","Allison & Treseder, 2008"
3,18,0.111224788874977,0.23537314865236,2,5,0,"Central Alaska","Allison & Treseder, 2008"
3,18,-0.0656033492063928,0.0994886412245778,2,5,1,"Central Alaska","Allison & Treseder, 2008"
3,18,-0.805624125485342,0.134995969740202,2,5,2,"Central Alaska","Allison & Treseder, 2008"
3,19,0.134135653071306,0.0406879883306158,1,1,7,"Chesapeake Bay","Ball & Drake, 1998"
3,19,0.349796734184434,0.0286221956372836,1,1,7,"Chesapeake Bay","Ball & Drake, 1998"
3,19,0.204682049403092,0.056889610672516,1,1,7,"Chesapeake Bay","Ball & Drake, 1998"
3,19,0.249686144940638,0.0362610310686612,1,1,7,"Chesapeake Bay","Ball & Drake, 1998"
3,19,0.400644758053109,0.0652335633594642,1,1,7,"Chesapeake Bay","Ball & Drake, 1998"
3,19,0.174062782688773,0.0283047127306722,1,1,7,"Chesapeake Bay","Ball & Drake, 1998"
3,19,0.341291200604384,0.0242232102803371,1,1,7,"Chesapeake Bay","Ball & Drake, 1998"
3,19,0.210384662842411,0.0261149246007589,1,1,7,"Chesapeake Bay","Ball & Drake, 1998"
3,19,0.232093654360006,0.0375007576100163,1,1,7,"Chesapeake Bay","Ball & Drake, 1998"
3,19,0.274541979741954,0.0330367738253749,1,1,7,"Chesapeake Bay","Ball & Drake, 1998"
3,19,0.254819025938323,0.0370515431874895,1,1,7,"Chesapeake Bay","Ball & Drake, 1998"
3,19,0.0995172265702989,0.0517980893406481,1,1,7,"Chesapeake Bay","Ball & Drake, 1998"
3,19,-0.270427560967874,0.0450764848789242,1,1,7,"Chesapeake Bay","Ball & Drake, 1998"
3,19,0.231463049307312,0.0138135381054423,1,1,7,"Chesapeake Bay","Ball & Drake, 1998"
3,19,0.00125220002419207,0.0558892584847554,1,1,7,"Chesapeake Bay","Ball & Drake, 1998"
3,19,0.165885261525045,0.0181958798187894,1,1,7,"Chesapeake Bay","Ball & Drake, 1998"
3,19,0.0659264189131578,0.01223489247454,1,1,7,"Chesapeake Bay","Ball & Drake, 1998"
3,19,0.0908041266238505,0.0193009625375858,1,1,7,"Chesapeake Bay","Ball & Drake, 1998"
3,19,-0.0187553151729005,0.0214456217537651,1,1,7,"Chesapeake Bay","Ball & Drake, 1998"
3,19,0.0199314693224932,0.0160621598174132,1,1,7,"Chesapeake Bay","Ball & Drake, 1998"
3,19,0.0657306846225884,0.0258957485207019,1,1,7,"Chesapeake Bay","Ball & Drake, 1998"
1,20,-2.33991218640183,942.341930978599,2,4,2,"Clocaenog","Penuelas et al., 2007"
1,20,-0.603740797942969,12.6362263922145,2,4,1,"Clocaenog","Penuelas et al., 2007"
1,20,3.23951504133767,103.075289822747,2,4,0,"Clocaenog","Penuelas et al., 2007"
1,20,-0.28491958127647,0.436499695660207,2,4,4,"Clocaenog","Penuelas et al., 2007"
2,21,0.540801076351111,0.0152595089474056,1,5,0,"DUKE Phytotron_pine","Larigauderie et al., 1994"
1,21,0.450917311314295,0.0248087493498727,1,5,0,"DUKE Phytotron_pine","Larigauderie et al., 1994"
2,22,0.929218850646253,0.0764592561265112,1,5,0,"DUKE Phytotron_pine","King et al., 1996"
2,22,0.760693222761472,0.0796909081677139,3,5,0,"DUKE Phytotron_pine","King et al., 1996"
2,22,0.137139334000722,0.0412934577868274,2,5,0,"DUKE Phytotron_pine","King et al., 1996"
2,22,0.701465707435036,0.0249265864560031,1,5,0,"DUKE Phytotron_pine","King et al., 1996"
2,22,1.02174670836925,0.045299210020312,3,5,0,"DUKE Phytotron_pine","King et al., 1996"
2,22,-0.157337933521437,0.0442346792895772,2,5,0,"DUKE Phytotron_pine","King et al., 1996"
2,23,0.503676844352324,0.56962171777617,1,5,NA,"DUKE Phytotron_robinia","Uselman et al., 2000"
2,23,0.300611820460199,0.110749131320495,3,5,NA,"DUKE Phytotron_robinia","Uselman et al., 2000"
2,23,0.372979652963676,0.116354345109923,2,5,NA,"DUKE Phytotron_robinia","Uselman et al., 2000"
3,24,0,0.078125,1,5,2,"DukeFACE","Luo et al., 2001"
3,24,0.441832752279039,0.0436192995716805,1,5,1,"DukeFACE","Luo et al., 2001"
3,24,0.955511445027436,0.028698224852071,1,5,1,"DukeFACE","Luo et al., 2001"
3,24,-0.693147180559945,0.125,1,5,1,"DukeFACE","Luo et al., 2001"
3,24,-0.200670695462151,0.020610141822263,1,5,1,"DukeFACE","Luo et al., 2001"
3,24,0.847297860387204,0.0534297052154195,1,5,1,"DukeFACE","Luo et al., 2001"
3,24,0.510825623765991,0.0377777777777778,1,5,2,"DukeFACE","Luo et al., 2001"
3,24,0.538996500732687,0.0273526077097506,1,5,0,"DukeFACE","Luo et al., 2001"
3,24,-0.0689928714869513,0.00954648526077098,1,5,1,"DukeFACE","Luo et al., 2001"
3,24,0.0645385211375712,0.0208767361111111,1,5,0,"DukeFACE","Luo et al., 2001"
3,24,0.489548225318706,0.0152426633152793,1,5,2,"DukeFACE","Luo et al., 2001"
3,24,0.862223510603879,0.0946533976266201,1,5,1,"DukeFACE","Luo et al., 2001"
3,24,0.559615787935423,0.0215561224489796,1,5,0,"DukeFACE","Luo et al., 2001"
3,24,0.538996500732687,0.0121567145376669,1,5,2,"DukeFACE","Luo et al., 2001"
3,24,0.455475528682826,0.0601510442150171,1,5,2,"DukeFACE","Luo et al., 2001"
3,24,0.0666913744986724,0.00891857347367796,1,5,0,"DukeFACE","Luo et al., 2001"
3,24,-0.0606246218164349,0.0267034088451557,1,5,0,"DukeFACE","Luo et al., 2001"
3,24,-0.75377180237638,0.0882690852076124,1,5,2,"DukeFACE","Luo et al., 2001"
3,24,0.234839591077401,0.0562353914301381,1,5,1,"DukeFACE","Luo et al., 2001"
3,24,0.182321556793955,0.0511791383219955,1,5,2,"DukeFACE","Luo et al., 2001"
3,24,-0.927986771637346,0.0400104049509601,1,5,1,"DukeFACE","Luo et al., 2001"
3,24,0.232058914972162,0.0055675915712168,1,5,2,"DukeFACE","Hamilton et al., 2002"
2,24,-0.0148337251950281,0.144558671462158,1,5,1,"DukeFACE","Matamala & Schlesinger, 2000"
2,24,0.0400016153500805,0.173582249955817,1,5,2,"DukeFACE","Matamala & Schlesinger, 2000"
3,24,0.606135803570316,0.0180211204740588,1,5,1,"DukeFACE","Luo et al., 2001"
3,24,0.773189888233482,0.0842373438527285,1,5,2,"DukeFACE","Luo et al., 2001"
3,24,0.0800427076735366,0.0128616042077581,1,5,1,"DukeFACE","Luo et al., 2001"
3,24,0.0800427076735366,0.0128616042077581,1,5,0,"DukeFACE","Luo et al., 2001"
3,24,-0.167054084663166,0.0070908113575236,1,5,0,"DukeFACE","Luo et al., 2001"
3,24,-0.367724780125317,0.0182628387756593,1,5,2,"DukeFACE","Luo et al., 2001"
3,24,0.318453731118535,0.0238894628099174,1,5,2,"DukeFACE","Luo et al., 2001"
3,24,0.405465108108164,0.112847222222222,1,5,1,"DukeFACE","Luo et al., 2001"
3,24,0.22314355131421,0.025625,1,5,2,"DukeFACE","Luo et al., 2001"
3,25,-0.0779395147954084,0.00231773275212673,2,3,2,"Duolun","Liu et al., 2008"
3,25,0.0149575438196188,0.00649838053216225,2,3,1,"Duolun","Liu et al., 2008"
3,25,-0.0620392407824937,0.00536644959088841,2,3,0,"Duolun","Liu et al., 2008"
2,26,0.442255317254691,0.00616864953803303,1,5,0,"ETH FACE","Ineson et al., 1996"
1,26,0.128596803172119,0.0111671424932139,1,5,0,"ETH FACE","Ineson et al., 1996"
1,27,0.186308318839249,0.0101075143853992,1,5,5,"EUROFACE","Liberloo et al., 2006"
1,27,0.147936083867325,0.00901545616141846,1,5,5,"EUROFACE","Liberloo et al., 2006"
1,27,0.243792477087184,0.00489120361863157,1,5,5,"EUROFACE","Liberloo et al., 2006"
3,27,-0.182321556793955,0.0271111111111111,1,5,5,"EUROFACE","De Angelis (unpublished)"
3,27,0.998528830111127,0.197015094126293,1,5,4,"EUROFACE","De Angelis (unpublished)"
3,27,0.871838969303321,0.135477198518958,1,5,4,"EUROFACE","De Angelis (unpublished)"
3,27,-0.0714589639821449,0.144685355633521,1,5,5,"EUROFACE","De Angelis (unpublished)"
3,27,0.624154309072994,0.071499433106576,1,5,4,"EUROFACE","De Angelis (unpublished)"
3,27,-0.23638877806423,0.0550107725453986,1,5,5,"EUROFACE","De Angelis (unpublished)"
3,28,0.175625525384278,0.0100082076196238,1,5,6,"FACTS II FACE","King et al., 2001(2)"
3,28,0.0741519708125244,0.0345745270364336,1,5,4,"FACTS II FACE","King et al., 2001(2)"
3,28,0.0147246424429152,0.00308895757674028,1,5,5,"FACTS II FACE","King et al., 2001(2)"
3,28,-0.0139618889458613,0.0203263619702811,1,5,6,"FACTS II FACE","King et al., 2001(2)"
3,28,-0.160256749604731,0.0123651205428246,1,5,5,"FACTS II FACE","King et al., 2001(2)"
3,28,0.24007584117531,0.00467710159749777,1,5,6,"FACTS II FACE","King et al., 2001(2)"
1,28,0.333790817960887,0.0074490384061117,1,5,5,"FACTS II FACE","King et al., 2005"
3,28,0.192735192275092,0.0189856023546412,1,5,4,"FACTS II FACE","King et al., 2001(2)"
3,28,0.18362820984054,0.518461131549582,1,5,0,"FACTS II FACE","Pregitzer et al., 2006"
3,28,0.605406553505805,0.0100569972528033,1,5,5,"FACTS II FACE","King et al., 2001(2)"
3,28,0.2390169004705,0.00648000496000992,1,5,8,"FACTS II FACE","Pregitzer et al., 2008"
3,28,0.116805674025855,0.0065461560115045,1,5,5,"FACTS II FACE","King et al., 2001(2)"
3,28,0.0786798362651934,0.00462665534779318,1,5,5,"FACTS II FACE","King et al., 2001(2)"
3,28,0.235461351539031,0.011548403862924,1,5,5,"FACTS II FACE","King et al., 2001(2)"
3,28,0.585945778047134,0.691824389389127,1,5,1,"FACTS II FACE","Pregitzer et al., 2006"
3,28,0.303597836482098,0.0298530787657019,1,5,4,"FACTS II FACE","King et al., 2001(2)"
3,28,0.136576022810748,0.00419034035337505,1,5,7,"FACTS II FACE","Pregitzer et al., 2008"
3,28,0.297278407579936,0.545743831382641,1,5,6,"FACTS II FACE","King et al., 2001(2)"
3,28,-0.0186868135933416,0.0150777444167072,1,5,4,"FACTS II FACE","King et al., 2001(2)"
3,28,0.164596399998014,0.00940984271599354,1,5,4,"FACTS II FACE","King et al., 2001(2)"
2,28,0.272457573183636,0.00515746118568247,1,5,5,"FACTS II FACE","King et al., 2005"
3,28,0.131500118440284,0.00883293560176396,1,5,9,"FACTS II FACE","Pregitzer et al., 2008"
3,28,-0.204047610433808,0.045074422297177,1,5,4,"FACTS II FACE","King et al., 2001(2)"
3,28,0.116972006667861,0.00890173798129835,1,5,5,"FACTS II FACE","King et al., 2001(2)"
3,28,0.164174972265505,0.00382114805942453,1,5,6,"FACTS II FACE","King et al., 2001(2)"
2,28,0.249049084131638,0.0357021416817872,1,5,7,"FACTS II FACE","Pregitzer et al., 2008"
3,28,-0.0593530126231523,0.0090819225985783,1,5,6,"FACTS II FACE","King et al., 2001(2)"
3,28,0.124975042236832,0.508688465009343,1,5,6,"FACTS II FACE","King et al., 2001(2)"
3,28,0.180943754019479,0.0061406296307663,1,5,9,"FACTS II FACE","Pregitzer et al., 2008"
2,28,0.37362254321614,0.0346696262769669,1,5,7,"FACTS II FACE","Pregitzer et al., 2008"
3,28,0.24191348870693,0.00976130065251339,1,5,8,"FACTS II FACE","Pregitzer et al., 2008"
3,28,0.256057365563657,0.00245636911301055,1,5,7,"FACTS II FACE","Pregitzer et al., 2008"
3,28,0.203827153319451,0.00157385103074014,1,5,7,"FACTS II FACE","Pregitzer et al., 2008"
3,28,0.367265828481422,0.0258286728284689,1,5,9,"FACTS II FACE","Pregitzer et al., 2008"
2,28,0.491315826642096,0.00309286500724565,1,5,5,"FACTS II FACE","King et al., 2005"
1,28,0.474210835458907,0.00636286190047953,1,5,5,"FACTS II FACE","King et al., 2005"
2,28,0.911064078271371,0.280032382787645,1,5,7,"FACTS II FACE","Pregitzer et al., 2008"
3,28,0.22825865198098,0.00335611038683476,1,5,8,"FACTS II FACE","Pregitzer et al., 2008"
3,28,0.303086644163278,0.00690438782322166,1,5,7,"FACTS II FACE","Pregitzer et al., 2008"
3,28,0.405465108108164,0.0139797859938905,1,5,8,"FACTS II FACE","Pregitzer et al., 2008"
3,28,0.367723903668482,0.0320730608091699,1,5,9,"FACTS II FACE","Pregitzer et al., 2008"
2,28,0.321364423851527,0.0582254292582582,1,5,7,"FACTS II FACE","Pregitzer et al., 2008"
3,28,-0.232058930888735,0.0434451357371904,1,5,5,"FACTS II FACE","King et al., 2001(2)"
3,28,0.0771347316996214,0.00508685733021423,1,5,5,"FACTS II FACE","King et al., 2001(2)"
3,28,0.105360574564051,0.0150454400082915,1,5,6,"FACTS II FACE","King et al., 2001(2)"
3,28,-0.225305055609314,0.0801819683710408,1,5,4,"FACTS II FACE","King et al., 2001(2)"
3,28,-0.0786172185359613,0.021661001943075,1,5,0,"FACTS II FACE","Pregitzer et al., 2006"
3,28,0.304671029473927,0.00659667453220977,1,5,6,"FACTS II FACE","King et al., 2001(2)"
3,28,-0.0826461614400786,0.0454381549459096,1,5,5,"FACTS II FACE","King et al., 2001(2)"
3,28,0.311246221124706,0.0326795652118662,1,5,4,"FACTS II FACE","King et al., 2001(2)"
3,28,0.254057186766005,0.00647910094691475,1,5,6,"FACTS II FACE","King et al., 2001(2)"
3,28,0.207639364778244,0.00581385475787948,1,5,8,"FACTS II FACE","Pregitzer et al., 2008"
3,28,0.244619504157912,0.0120644302656688,1,5,1,"FACTS II FACE","Pregitzer et al., 2006"
3,28,0.185078045382236,0.0242218700981061,1,5,4,"FACTS II FACE","King et al., 2001(2)"
3,28,0.145783012612743,0.0381303297210748,1,5,4,"FACTS II FACE","King et al., 2001(2)"
3,28,0.116603550190628,0.00608138205036902,1,5,9,"FACTS II FACE","Pregitzer et al., 2008"
3,28,0.244345269870716,0.00578800359287422,1,5,7,"FACTS II FACE","Pregitzer et al., 2008"
3,28,0.150595758070291,0.0124645537206077,1,5,4,"FACTS II FACE","King et al., 2001(2)"
2,28,0.104436929913077,0.0474084359235924,1,5,7,"FACTS II FACE","Pregitzer et al., 2008"
3,28,0.354154836443327,0.00892085464836544,1,5,5,"FACTS II FACE","King et al., 2001(2)"
3,28,0.00993973418252176,0.0148370702250876,1,5,6,"FACTS II FACE","King et al., 2001(2)"
3,28,0.188454599223115,0.0128642482440855,1,5,5,"FACTS II FACE","King et al., 2001(2)"
3,28,0.178862351329009,0.00494410053025984,1,5,4,"FACTS II FACE","King et al., 2001(2)"
3,28,0.11288629084159,0.00357790864015508,1,5,6,"FACTS II FACE","King et al., 2001(2)"
3,28,0.118248665391169,0.00910625789164961,1,5,5,"FACTS II FACE","King et al., 2001(2)"
3,28,0.0798106623091527,0.0130086358815998,1,5,5,"FACTS II FACE","King et al., 2001(2)"
3,28,0.0584158041332148,0.00557277878920159,1,5,6,"FACTS II FACE","King et al., 2001(2)"
3,28,0.136334851974432,0.00896409484455127,1,5,6,"FACTS II FACE","King et al., 2001(2)"
2,28,0.407766916720439,0.0115776428446058,1,5,5,"FACTS II FACE","King et al., 2005"
1,28,0.523971580275514,0.0120227484654858,1,5,5,"FACTS II FACE","King et al., 2005"
3,28,0.234571036061515,0.00311407242445963,1,5,8,"FACTS II FACE","Pregitzer et al., 2008"
3,28,0.32063323896522,0.00309774692269464,1,5,7,"FACTS II FACE","Pregitzer et al., 2008"
2,28,0.405677500920188,0.0837697591529891,1,5,7,"FACTS II FACE","Pregitzer et al., 2008"
3,28,0.191055810370457,0.00576069348676138,1,5,9,"FACTS II FACE","Pregitzer et al., 2008"
1,29,0.0762580824783638,0.0330479037711259,1,5,2,"Flakaliden","Kostiainen et al., 2009"
3,29,0.41328595508458,0.0415433075314287,1,5,2,"Flakaliden","Comstedt et al., 2006"
1,29,-0.171885134767027,0.0195107278941324,3,5,2,"Flakaliden","Kostiainen et al., 2009"
3,29,0.507823275558207,0.062765332423428,3,5,2,"Flakaliden","Comstedt et al., 2006"
1,29,0.353887860502446,0.0668389322956669,2,5,2,"Flakaliden","Kostiainen et al., 2009"
3,29,0.0642708067765309,0.100522875257704,2,5,2,"Flakaliden","Comstedt et al., 2006"
1,30,0.329479892615825,0.00767264659516245,2,3,2,"FMC","Bloor et al., 2010"
1,30,0.219628958601587,0.00917407131886003,2,3,0,"FMC","Bloor et al., 2010"
1,30,0.0610878333623513,0.00420761592154116,2,3,1,"FMC","Bloor et al., 2010"
1,30,-0.39111793913278,0.0194292262894278,2,3,2,"FMC","Bloor et al., 2010"
1,30,-0.0350920661167409,0.0640789807689522,2,3,0,"FMC","Bloor et al., 2010"
1,30,0.753771624141068,0.0190857408710198,2,3,1,"FMC","Bloor et al., 2010"
1,31,0.439697732893372,2.16975371752275,2,4,1,"Garraf","Penuelas et al., 2007"
1,31,-0.24145408920211,3.86760355587924,2,4,4,"Garraf","Penuelas et al., 2007"
1,31,0.392798362807823,1.26042756727861,2,4,2,"Garraf","Penuelas et al., 2007"
1,31,-0.391094317694355,0.274413951251323,2,4,0,"Garraf","Penuelas et al., 2007"
1,31,-0.000742990275061883,0.0641856178744657,2,4,3,"Garraf","Penuelas et al., 2007"
1,31,0.466466371529519,0.101118425704521,2,4,5,"Garraf","Penuelas et al., 2007"
2,32,-0.943371690476826,4.15842770105342,1,3,2,"Ginninderra","Volder et al., 2007"
1,32,-0.0174701540972425,0.0113775494832211,1,3,2,"Ginninderra","Volder et al., 2007"
2,32,-0.120144311842063,2.33105498542243,1,3,2,"Ginninderra","Volder et al., 2007"
1,32,0.0576656418498091,0.00442890136962811,1,3,2,"Ginninderra","Volder et al., 2007"
2,32,0.739238287760212,10.5465047663387,3,3,2,"Ginninderra","Volder et al., 2007"
2,32,0.877375315624482,1.7677983945533,3,3,2,"Ginninderra","Volder et al., 2007"
1,32,0.0407123994738415,0.00461787858230107,3,3,2,"Ginninderra","Volder et al., 2007"
1,32,0.0177191789851029,0.00978420445528193,3,3,2,"Ginninderra","Volder et al., 2007"
2,32,0.949689012276003,1.71671623377974,3,3,2,"Ginninderra","Volder et al., 2007"
1,32,0.00591852399179661,0.0073334244634266,3,3,2,"Ginninderra","Volder et al., 2007"
1,32,0.025918186380325,0.0126958935067905,3,3,2,"Ginninderra","Volder et al., 2007"
2,32,0.266466233301508,3.07740889868449,3,3,2,"Ginninderra","Volder et al., 2007"
1,32,-0.153694163042338,0.00474153521034244,2,3,2,"Ginninderra","Volder et al., 2007"
1,32,-0.0820465762752017,0.0131636964765049,2,3,2,"Ginninderra","Volder et al., 2007"
2,32,-0.0784716154414952,0.76090432831105,2,3,2,"Ginninderra","Volder et al., 2007"
2,32,0.00760459938521921,1.04953300666956,2,3,2,"Ginninderra","Volder et al., 2007"
1,32,-0.106602751842418,0.0151646987591475,2,3,2,"Ginninderra","Volder et al., 2007"
2,32,-1.50790149321468,15.1582058314483,2,3,2,"Ginninderra","Volder et al., 2007"
1,32,-0.13105566004199,0.00647979749889462,2,3,2,"Ginninderra","Volder et al., 2007"
2,32,1.15960680137095,1.37108131865781,2,3,2,"Ginninderra","Volder et al., 2007"
3,33,0.66380522227593,0.0673048069418735,1,5,0,"Glencorse","Rey & Jarvis, 1997"
2,34,0.437213806422745,0.0715186094490693,1,5,2,"Glendevon","Temperton, 1998"
3,34,-0.0904775815255688,0.00763310768546402,1,5,2,"Glendevon","Temperton, 1998"
2,37,0.0123018709062952,0.202032551958559,1,5,1,"Glendevon","Jarvis et al., 1998"
3,36,0.288396119459528,0.0668661432294858,1,5,4,"Glendevon","Temperton, 1998"
2,37,0.313464670022707,0.0597537179001476,1,5,1,"Glendevon","Heyworth et al., 1998"
2,34,0.151713711707713,0.0454430498035065,1,5,2,"Glendevon","Temperton et al., 2003"
2,35,0.466589390049917,0.0104807792079183,1,5,2,"Glendevon","Jarvis et al., 1998"
3,35,-0.351784979738345,0.0327839927012579,1,5,2,"Glendevon","Jarvis et al., 1998"
3,38,0.139761936674675,0.00785928497661105,2,3,2,"Great Plains","Wan et al., 2005"
3,38,0.0269557838316863,0.00561185069463747,2,3,1,"Great Plains","Wan et al., 2005"
3,38,0.126111402472949,0.0185946333840848,2,3,2,"Great Plains","Zhou et al., 2007"
3,38,0.0314162282743964,0.0244143241107917,2,3,1,"Great Plains","Zhou et al., 2007"
1,38,0.0420167159672732,0.027778779644157,2,3,7,"Great Plains","Niu et al., 2010"
1,38,0.229638480029321,0.0276168204647095,2,3,2,"Great Plains","Niu et al., 2010"
1,38,0.335273306837809,0.0486447950623994,2,3,4,"Great Plains","Niu et al., 2010"
1,38,0.189670978665783,0.0313882226080183,2,3,6,"Great Plains","Niu et al., 2010"
1,38,0.262541297294058,0.0178195726837817,2,3,3,"Great Plains","Niu et al., 2010"
1,38,0.0887250096498255,0.0348318520380707,2,3,7,"Great Plains","Niu et al., 2010"
1,38,0.142999097777291,0.0183791017368404,2,3,4,"Great Plains","Niu et al., 2010"
1,38,0.0500116287551132,0.0147280549446566,2,3,1,"Great Plains","Niu et al., 2010"
3,38,0.107245539635658,0.0252886482512499,2,3,3,"Great Plains","Zhou et al., 2007"
3,38,0.103989715068667,0.0168144853908289,2,3,4,"Great Plains","Zhou et al., 2007"
3,38,0.0689929066059983,0.0189624503833206,2,3,5,"Great Plains","Zhou et al., 2007"
3,38,0.042559674871694,0.005893014471468,2,3,3,"Great Plains","Wan et al., 2005"
3,38,0.0902251053872222,0.0163078430462954,2,3,6,"Great Plains","Zhou et al., 2007"
1,38,0.132757525226767,0.0015214146283877,2,3,2,"Great Plains","Niu et al., 2010"
1,38,0.0505721815880431,0.00651962489560495,2,3,1,"Great Plains","Niu et al., 2010"
1,38,0.0505924648205756,0.00242884961596307,2,3,3,"Great Plains","Niu et al., 2010"
1,38,0.133525859976395,0.00497280047628842,2,3,2,"Great Plains","Wan et al., 2005"
1,38,0.0127065854564832,0.0114961272766096,2,3,6,"Great Plains","Niu et al., 2010"
1,38,0.0444343100080195,0.00349047272829545,2,3,3,"Great Plains","Wan et al., 2005"
1,38,0.325985592152532,0.0101748380261861,2,3,9,"Great Plains","Niu et al., 2010"
1,38,0.216332864545719,0.0170422586756211,2,3,9,"Great Plains","Niu et al., 2010"
1,38,0.233369119000897,0.0600420279739203,2,3,8,"Great Plains","Niu et al., 2010"
1,38,-0.0165472539806881,0.00950084445191421,2,3,1,"Great Plains","Wan et al., 2005"
1,38,0.0166465823508675,0.0246306245455909,2,3,8,"Great Plains","Niu et al., 2010"
1,38,0.133310038789515,0.0216808479950622,2,3,5,"Great Plains","Niu et al., 2010"
1,38,0.0312046029580428,0.0163197119989263,2,3,5,"Great Plains","Niu et al., 2010"
2,38,0.108541396861052,0.0722130785567102,2,3,3,"Great Plains","Wan et al., 2005"
2,38,0.336528775483742,0.0569845602356251,2,3,6,"Great Plains","Niu et al., 2010"
2,38,0.399802286542471,0.0693745189710269,2,3,6,"Great Plains","Niu et al., 2010"
2,38,0.196796183593545,0.0361068820639933,2,3,5,"Great Plains","Niu et al., 2010"
2,38,0.130060329726943,0.0238636538433766,2,3,5,"Great Plains","Niu et al., 2010"
1,38,0.0420837904646782,0.0129243322509758,2,3,4,"Great Plains","Luo et al., 2009"
1,38,-0.360808968958175,0.044574381929227,2,3,4,"Great Plains","Luo et al., 2009"
1,38,0.081429136301995,0.0192551646293122,2,3,1,"Great Plains","Luo et al., 2009"
1,38,0.023763494452186,0.00834955799237962,2,3,1,"Great Plains","Luo et al., 2009"
1,38,0.0250575268792286,0.0216786613150893,2,3,2,"Great Plains","Luo et al., 2009"
1,38,0.212021421615936,0.00414584825726296,2,3,2,"Great Plains","Luo et al., 2009"
1,38,-1.5108331869005,0.032809161567375,2,3,1,"Great Plains","Luo et al., 2009"
1,38,0.0225769357855414,0.00325096342063562,2,3,1,"Great Plains","Luo et al., 2009"
1,38,0.078147557367453,0.00477958919495982,2,3,3,"Great Plains","Luo et al., 2009"
1,38,-0.613412741082178,0.023474542644206,2,3,3,"Great Plains","Luo et al., 2009"
1,38,-0.187778596257013,0.0296054902812103,2,3,3,"Great Plains","Luo et al., 2009"
1,38,0.162859007719043,0.0116357626396286,2,3,3,"Great Plains","Luo et al., 2009"
1,38,-0.509134053021501,0.0283813273519423,2,3,2,"Great Plains","Luo et al., 2009"
1,38,0.19660951522413,0.00490331886496758,2,3,2,"Great Plains","Luo et al., 2009"
1,38,0.0606849518215812,0.023205221205288,2,3,4,"Great Plains","Luo et al., 2009"
1,38,-0.0856137527229918,0.0287111186294204,2,3,4,"Great Plains","Luo et al., 2009"
1,38,0.0135202445799446,0.00515337344617695,2,3,4,"Great Plains","Luo et al., 2009"
1,38,-0.0580453064839469,0.00517044957106094,2,3,4,"Great Plains","Luo et al., 2009"
1,38,-0.543430190339361,0.00925181934686345,2,3,6,"Great Plains","Luo et al., 2009"
1,38,0.0641215690512375,0.00782031042135732,2,3,6,"Great Plains","Luo et al., 2009"
1,38,-0.241744977264755,0.004036862745089,2,3,2,"Great Plains","Luo et al., 2009"
1,38,0.128712106188574,0.00514345871222091,2,3,2,"Great Plains","Luo et al., 2009"
1,38,-0.223254718008783,0.0118203587497747,2,3,6,"Great Plains","Luo et al., 2009"
1,38,0.00797169854821333,0.0195956668674131,2,3,6,"Great Plains","Luo et al., 2009"
1,38,0.0844026638830516,0.00606075560308106,2,3,3,"Great Plains","Luo et al., 2009"
1,38,0.0196212965873273,0.000584563600357502,2,3,3,"Great Plains","Luo et al., 2009"
1,38,-0.104776600264049,0.0104404042546556,2,3,1,"Great Plains","Luo et al., 2009"
1,38,-0.0183641153420273,0.00639117793032193,2,3,1,"Great Plains","Luo et al., 2009"
1,38,-0.271170965385989,0.00891300076322772,2,3,5,"Great Plains","Luo et al., 2009"
1,38,0.163147662621285,0.0106126068411935,2,3,5,"Great Plains","Luo et al., 2009"
1,38,-0.860368330061364,0.0223421582874042,2,3,6,"Great Plains","Luo et al., 2009"
1,38,0.0022026440623421,0.00351071117302991,2,3,6,"Great Plains","Luo et al., 2009"
1,38,0.00867017038000687,0.00969102346704473,2,3,5,"Great Plains","Luo et al., 2009"
1,38,-0.0121521913720937,0.00808372758115176,2,3,5,"Great Plains","Luo et al., 2009"
1,38,-0.843338346790897,0.0172916803682612,2,3,5,"Great Plains","Luo et al., 2009"
1,38,-0.031017309766225,0.0106691051505164,2,3,5,"Great Plains","Luo et al., 2009"
3,38,0.0586965529951909,0.000719990190589949,2,3,6,"Great Plains","Luo et al., 2009"
3,38,0.0716760862445434,0.000818774786122454,2,3,6,"Great Plains","Luo et al., 2009"
3,39,0.47000356632907,0.0100434023293041,2,5,0,"Harvard Forest_Warming","Peterjohn et al., 1994"
3,39,0.362114671998647,0.0130064443752435,2,5,0,"Harvard Forest_Warming","Peterjohn et al., 1994"
3,39,0.260883933613297,0.00861853067048258,2,5,0,"Harvard Forest_Warming","Peterjohn et al., 1994"
3,39,0.384411718907008,0.00518105335446465,2,5,0,"Harvard Forest_Warming","Peterjohn et al., 1994"
3,39,0.283943709422174,0.0120845905640423,2,5,0,"Harvard Forest_Warming","Peterjohn et al., 1994"
3,39,0.214612640314989,0.0127731334259641,2,5,4,"Harvard Forest_Warming","Melillo et al., 2002"
3,39,0.165651893027083,0.00586566280901283,2,5,5,"Harvard Forest_Warming","Melillo et al., 2002"
3,39,0.0560043933801028,0.0039150436081685,2,5,6,"Harvard Forest_Warming","Melillo et al., 2002"
3,39,0.125947163183211,0.00682150703366727,2,5,1,"Harvard Forest_Warming","Melillo et al., 2002"
3,39,0.00806797791468188,0.0134522108577062,2,5,9,"Harvard Forest_Warming","Melillo et al., 2002"
3,39,-0.08123246086875,0.0149991319170518,2,5,8,"Harvard Forest_Warming","Melillo et al., 2002"
3,39,0.196943521374995,0.00689489507514411,2,5,2,"Harvard Forest_Warming","Melillo et al., 2002"
3,39,0.172621287113335,0.00629437938385839,2,5,3,"Harvard Forest_Warming","Melillo et al., 2002"
3,39,0.022680137370215,0.00402054852444881,2,5,7,"Harvard Forest_Warming","Melillo et al., 2002"
3,39,0.344116737668439,0.016488400429277,2,5,0,"Harvard Forest_Warming","Melillo et al., 2002"
1,40,0.114993271625611,0.00882499253692229,1,5,NA,"Harvard_GC1","Berntson et al., 1997"
2,40,0.157659093290822,0.00905925327322807,1,5,NA,"Harvard_GC1","Berntson et al., 1997"
2,41,0.693147180559945,0.0131492439184747,1,5,0,"Harvard_GC3","Bazzaz & Miao, 1993"
2,41,0.439366659783846,0.0269262048413852,1,5,0,"Harvard_GC3","Bazzaz & Miao, 1993"
2,41,0.066139802504545,0.00548205420410549,1,5,0,"Harvard_GC3","Bazzaz & Miao, 1993"
2,41,0.102654154060083,0.0132534418754011,1,5,0,"Harvard_GC3","Bazzaz & Miao, 1993"
2,41,0.356674943938732,0.0150163769211388,1,5,0,"Harvard_GC3","Bazzaz & Miao, 1993"
2,41,0.143100843640673,0.018420629702681,1,5,0,"Harvard_GC3","Bazzaz & Miao, 1993"
2,41,-0.484745910982939,0.00865343070668615,1,5,0,"Harvard_GC3","Bazzaz & Miao, 1993"
2,41,0.031498667059371,0.00496370170061895,1,5,0,"Harvard_GC3","Bazzaz & Miao, 1993"
2,41,1.18562366565774,0.0289154167942047,1,5,0,"Harvard_GC3","Bazzaz & Miao, 1993"
2,41,0.315993705277672,0.0235281828297417,1,5,0,"Harvard_GC3","Bazzaz & Miao, 1993"
2,41,0.0976384695639161,0.00213030236188978,1,5,0,"Harvard_GC3","Bazzaz & Miao, 1993"
2,41,0.120627987788615,0.00521773831797142,1,5,0,"Harvard_GC3","Bazzaz & Miao, 1993"
3,42,0.093090423066012,0.018508089687943,1,5,3,"Headley","Broadmeadow & Jackson, 2000"
2,42,0.0310905870700312,0.0558809175770483,1,5,3,"Headley","Broadmeadow & Jackson, 2000"
2,42,0.475423696715075,0.116626461438192,1,5,3,"Headley","Broadmeadow & Jackson, 2000"
3,42,-0.0224728558520585,0.00404142434445465,1,5,3,"Headley","Broadmeadow & Jackson, 2000"
2,42,0.0676586484738149,0.363447113285003,1,5,3,"Headley","Broadmeadow & Jackson, 2000"
3,42,0.0377403279828471,0.0317177315930877,1,5,3,"Headley","Broadmeadow & Jackson, 2000"
3,43,0.22314355131421,0.116736111111111,2,5,2,"Howland IFS","Rustad & Fernandez, 1998"
2,44,0.137199009900485,0.0494815006736505,3,3,1,"Jasper Ridge_FACE","Dukes et al., 2005"
1,44,-0.134989639396591,0.0119701387638257,3,3,3,"Jasper Ridge_FACE","Dukes et al., 2005"
2,44,0.0571587046899389,0.037848075366555,3,3,3,"Jasper Ridge_FACE","Dukes et al., 2005"
1,44,0.0263355863378498,0.0774618585655817,3,3,3,"Jasper Ridge_FACE","Zavaleta et al., 2003"
1,44,-0.354171405826032,0.0900138720314747,3,3,2,"Jasper Ridge_FACE","Dukes et al., 2005"
1,44,0.0487905284549524,0.014898404298311,3,3,1,"Jasper Ridge_FACE","Dukes et al., 2005"
2,44,0.0198050978838337,0.079231499142245,3,3,5,"Jasper Ridge_FACE","Dukes et al., 2005"
1,44,0.198052106801727,0.0749192587481642,3,3,5,"Jasper Ridge_FACE","Dukes et al., 2005"
1,44,0.166800738176652,0.0480609275928433,3,3,4,"Jasper Ridge_FACE","Dukes et al., 2005"
2,44,0.156654485433425,0.089001173778195,3,3,4,"Jasper Ridge_FACE","Dukes et al., 2005"
2,44,0.693148605291722,0.426964134551104,3,3,2,"Jasper Ridge_FACE","Dukes et al., 2005"
2,44,0.0185904204324941,0.15980298569185,2,3,4,"Jasper Ridge_FACE","Dukes et al., 2005"
2,44,-0.105358960101925,0.100555382721207,2,3,5,"Jasper Ridge_FACE","Dukes et al., 2005"
2,44,0.315517843615363,0.0336783035420348,2,3,2,"Jasper Ridge_FACE","Dukes et al., 2005"
2,44,0.0571555543629412,0.0335521117009596,2,3,1,"Jasper Ridge_FACE","Dukes et al., 2005"
1,44,0.114078691856567,0.0290923499985659,2,3,3,"Jasper Ridge_FACE","Dukes et al., 2005"
2,44,-0.0923709558045138,0.023820111976608,2,3,3,"Jasper Ridge_FACE","Dukes et al., 2005"
1,44,0.045513607806587,0.0681702464203761,2,3,3,"Jasper Ridge_FACE","Zavaleta et al., 2003"
1,44,-0.192903203265404,0.0684429129055671,2,3,2,"Jasper Ridge_FACE","Dukes et al., 2005"
1,44,0.454254827039558,0.0394626773169333,2,3,1,"Jasper Ridge_FACE","Dukes et al., 2005"
1,44,0.0956300262807441,0.0352682998016445,2,3,5,"Jasper Ridge_FACE","Dukes et al., 2005"
1,44,0.187562715690652,0.00902009501496788,2,3,4,"Jasper Ridge_FACE","Dukes et al., 2005"
1,44,0.242945828610451,0.0171612148510649,1,3,1,"Jasper Ridge_FACE","Dukes et al., 2005"
1,44,0.149874271207212,0.0186565043868473,1,3,4,"Jasper Ridge_FACE","Dukes et al., 2005"
2,44,-0.45489537156443,0.0873696353021179,1,3,4,"Jasper Ridge_FACE","Dukes et al., 2005"
2,44,-0.105358960101925,0.0648027331615708,1,3,5,"Jasper Ridge_FACE","Dukes et al., 2005"
1,44,-0.0594735281410959,0.0251088527324264,1,3,5,"Jasper Ridge_FACE","Dukes et al., 2005"
2,44,-0.0666899006382499,0.00947600753946121,1,3,2,"Jasper Ridge_FACE","Dukes et al., 2005"
2,44,0.187211291012444,0.0299279106003959,1,3,1,"Jasper Ridge_FACE","Dukes et al., 2005"
1,44,-0.000954295490352218,0.0152793185989551,1,3,3,"Jasper Ridge_FACE","Dukes et al., 2005"
2,44,-0.307483024453177,0.0274239299245288,1,3,3,"Jasper Ridge_FACE","Dukes et al., 2005"
1,44,0.180979594965872,0.131066584595629,1,3,3,"Jasper Ridge_FACE","Zavaleta et al., 2003"
1,44,-0.305380872609264,0.0669128574827712,1,3,2,"Jasper Ridge_FACE","Dukes et al., 2005"
3,45,-0.235456779608709,0.0464341376402359,1,3,5,"Jasper Ridge_OTC","Hu et al., 2001"
3,45,0.0616211746136365,0.0333707064797458,1,3,5,"Jasper Ridge_OTC","Hu et al., 2001"
3,45,0.242946120399606,0.0518333536723006,1,3,5,"Jasper Ridge_OTC","Hu et al., 2001"
1,45,0.372573718058622,0.0649391349815858,1,3,2,"Jasper Ridge_OTC","Hungate et al., 1997"
2,45,0.31834294129779,0.0746617575241103,1,3,2,"Jasper Ridge_OTC","Hungate et al., 1997"
2,45,0.209350229181874,0.0181998915785743,1,3,5,"Jasper Ridge_OTC","Rillig et al., 1999"
3,45,0.0463540660006606,0.0443646143758149,1,3,5,"Jasper Ridge_OTC","Hu et al., 2001"
2,45,0.399799370572487,0.0220695181754079,1,3,5,"Jasper Ridge_OTC","Rillig et al., 1999"
1,45,0.207595131669755,0.0983418673245994,1,3,2,"Jasper Ridge_OTC","Hungate et al., 1997"
2,45,0.481844529755818,0.064252915313962,1,3,2,"Jasper Ridge_OTC","Hungate et al., 1997"
1,46,0.36165841081053,0.00653541456678663,1,3,2,"Jasper Ridge_OTC","Cardon et al., 2001"
2,46,1.48947859735512,0.122616613459181,1,3,2,"Jasper Ridge_OTC","Cardon et al., 2001"
2,46,1.023852213459,0.0548947017262393,1,3,2,"Jasper Ridge_OTC","Cardon et al., 2001"
1,46,0.0979042149813716,0.0301262295221184,1,3,2,"Jasper Ridge_OTC","Cardon et al., 2001"
1,47,0.506767625383589,0.240458188343078,2,3,0,"Kessler Farm Field Laboratory","Sherry et al., 2008"
1,47,-0.153150445175583,0.0419836231555308,2,3,1,"Kessler Farm Field Laboratory","Sherry et al., 2008"
1,48,0.0177438933905585,0.623603817697695,2,4,1,"Kiskunsag","Penuelas et al., 2007"
1,48,-0.0347041359674114,0.195448409702762,2,4,3,"Kiskunsag","Penuelas et al., 2007"
1,48,0.186448656192183,0.81220226511904,2,4,2,"Kiskunsag","Penuelas et al., 2007"
1,48,0.892311981236184,17.441852344241,2,4,4,"Kiskunsag","Penuelas et al., 2007"
2,49,0.0906831113535388,0.0106984062269329,1,5,NA,"Lancaster Solardomes","Heath et al., 2005"
2,49,0.45783309362548,0.0263201822462569,1,5,NA,"Lancaster Solardomes","Heath et al., 2005"
2,49,-0.0616314414743469,0.104635758659472,1,5,NA,"Lancaster Solardomes","Heath et al., 2005"
2,49,0.206865641842975,0.0218257580866832,1,5,NA,"Lancaster Solardomes","Heath et al., 2005"
2,49,-0.00097656257761017,0.0886254944506642,1,5,NA,"Lancaster Solardomes","Heath et al., 2005"
2,49,-0.292387963489193,0.0658162656423411,1,5,NA,"Lancaster Solardomes","Heath et al., 2005"
2,49,0.121941424432368,0.0109249119848832,1,5,NA,"Lancaster Solardomes","Heath et al., 2005"
2,49,-0.162795134443599,0.0504892404018511,1,5,NA,"Lancaster Solardomes","Heath et al., 2005"
2,49,0.266841782632948,0.0601769190011743,1,5,NA,"Lancaster Solardomes","Heath et al., 2005"
2,49,0.0457876831232176,0.145777698163858,1,5,NA,"Lancaster Solardomes","Heath et al., 2005"
2,49,-0.260216035929202,0.0883423128557116,1,5,NA,"Lancaster Solardomes","Heath et al., 2005"
2,49,0.26361983567238,0.0712147650087836,1,5,NA,"Lancaster Solardomes","Heath et al., 2005"
2,49,-0.464230417334416,0.0457985957824944,1,5,NA,"Lancaster Solardomes","Heath et al., 2005"
2,49,0.284731347383723,0.00757003660478168,1,5,NA,"Lancaster Solardomes","Heath et al., 2005"
2,49,0.116426441042928,0.110132121120511,1,5,NA,"Lancaster Solardomes","Heath et al., 2005"
2,49,-0.137567527338202,0.0324833418989284,1,5,NA,"Lancaster Solardomes","Heath et al., 2005"
2,49,0.172097323018095,0.136062229969182,1,5,NA,"Lancaster Solardomes","Heath et al., 2005"
2,49,-0.19465257165455,0.106976552960628,1,5,NA,"Lancaster Solardomes","Heath et al., 2005"
3,50,-0.402510896104729,0.0670898492469451,2,5,0,"Manitoba","Bronson et al., 2008"
3,50,-0.216938774469405,0.00828133730237902,2,5,1,"Manitoba","Bronson et al., 2008"
3,50,0.224247913633965,0.033773588447182,2,5,0,"Manitoba","Bronson et al., 2008"
3,50,0.0855845035865242,0.0164969720451647,2,5,1,"Manitoba","Bronson et al., 2008"
2,51,0.179391867198476,0.00367113328677954,2,5,0,"Maoxian","Zhao & Liu, 2009"
1,51,0.155050162685295,0.0014765096548923,2,5,0,"Maoxian","Zhao & Liu, 2009"
3,53,0.294954831780861,0.060662870603661,1,5,3,"Mekrijärvi","Niinistö et al., 2004"
3,53,0.291520848758947,0.0390932494033198,1,5,2,"Mekrijärvi","Niinistö et al., 2004"
3,53,0.39102442395337,0.0336393806573922,1,5,1,"Mekrijärvi","Niinistö et al., 2004"
3,53,0.346125668321856,0.0348755279232508,1,5,4,"Mekrijärvi","Niinistö et al., 2004"
3,53,0.371989178911775,0.0203767371277482,3,5,4,"Mekrijärvi","Niinistö et al., 2004"
3,53,0.55228974784335,0.0656134542649396,3,5,3,"Mekrijärvi","Niinistö et al., 2004"
3,53,0.479573080261886,0.0499268741026983,3,5,2,"Mekrijärvi","Niinistö et al., 2004"
3,53,0.561150707653506,0.0422417780198019,3,5,1,"Mekrijärvi","Niinistö et al., 2004"
3,53,0.433864582629862,0.0530218686175888,2,5,4,"Mekrijärvi","Niinistö et al., 2004"
3,53,0.347877233235203,0.0426796371903771,2,5,3,"Mekrijärvi","Niinistö et al., 2004"
3,53,0.341951702385838,0.0456289762901922,2,5,2,"Mekrijärvi","Niinistö et al., 2004"
3,53,0.405465108108165,0.0393510489330815,2,5,1,"Mekrijärvi","Niinistö et al., 2004"
3,52,0.332124357427649,0.116442036102442,1,5,1,"Mekrijärvi","Pajari, 1995"
3,52,0.70291394294966,0.333952458596936,1,5,1,"Mekrijärvi","Pajari, 1995"
3,52,0.188614798049335,0.141853325518944,1,5,0,"Mekrijärvi","Pajari, 1995"
3,52,0.4558095858097,0.155308801964539,1,5,1,"Mekrijärvi","Pajari, 1995"
3,52,0.18543465850418,0.143135960287329,3,5,1,"Mekrijärvi","Pajari, 1995"
3,52,-0.151804470508568,0.205981823293232,3,5,1,"Mekrijärvi","Pajari, 1995"
3,52,0.290563722798187,0.0977791554386756,3,5,1,"Mekrijärvi","Pajari, 1995"
3,52,0.0880634708668346,0.313199260986213,3,5,1,"Mekrijärvi","Pajari, 1995"
3,52,-0.0391638696717923,0.158887227003244,3,5,0,"Mekrijärvi","Pajari, 1995"
3,52,0.163583158899924,0.172160555299555,2,5,1,"Mekrijärvi","Pajari, 1995"
3,52,-0.350666280057248,0.208523413823582,2,5,1,"Mekrijärvi","Pajari, 1995"
3,52,-0.0952992806811591,0.083472027181129,2,5,1,"Mekrijärvi","Pajari, 1995"
3,52,-0.00956945101615067,0.259128914507515,2,5,1,"Mekrijärvi","Pajari, 1995"
3,52,-0.209791589878081,0.152242004814277,2,5,0,"Mekrijärvi","Pajari, 1995"
1,54,0.396457578431784,0.0464654015178925,1,5,1,"Merrit Island","Dijkstra et al., 2002"
3,54,0.245705867284828,0.0270792878300481,1,5,3,"Merrit Island","Hymus et al., 2003"
1,54,0.4560545827093,0.0536436896272394,1,5,2,"Merrit Island","Dijkstra et al., 2002"
2,54,-0.0439309292257268,0.0139531775173228,1,5,6,"Merrit Island","Brown et al., 2007"
1,54,0.514079505731338,0.0643532833430861,1,5,3,"Merrit Island","Dijkstra et al., 2002"
3,54,0.230523661610679,0.0236914405191389,1,5,4,"Merrit Island","Hymus et al., 2003"
1,54,0.560528946298173,0.055609832793611,1,5,4,"Merrit Island","Dijkstra et al., 2002"
2,55,0.0645385211375712,0.0294883897569444,2,5,1,"Miyaluo","Yin et al., 2008"
2,55,0.358212223257619,0.0206099415672777,2,5,1,"Miyaluo","Yin et al., 2008"
1,55,0.0425596144187959,0.0192202924805713,2,5,1,"Miyaluo","Yin et al., 2008"
1,55,0.477377689698451,0.0112991185719016,2,5,1,"Miyaluo","Yin et al., 2008"
2,55,0.606135803570316,0.112632001836547,2,5,1,"Miyaluo","Yin et al., 2008"
1,55,0.365459773494465,0.0820188819825649,2,5,1,"Miyaluo","Yin et al., 2008"
2,55,0.316669609325033,0.0153022777738546,2,5,1,"Miyaluo","Yin et al., 2008"
1,55,0.249067236324001,0.0181253734612357,2,5,1,"Miyaluo","Yin et al., 2008"
1,56,-0.491806861230994,1.76394152057557,2,4,1,"Mols","Penuelas et al., 2007"
1,56,-1.59249363228459,25.1598633290489,2,4,2,"Mols","Penuelas et al., 2007"
1,56,-0.0583020753748751,0.228332604359358,2,4,0,"Mols","Penuelas et al., 2007"
3,57,0.0331522073169006,2.59396023563502,1,5,6,"Montalto di Castro","Moscatelli et al., 2001"
3,57,0.0576127527846111,2.21577480289171,1,5,6,"Montalto di Castro","Moscatelli et al., 2001"
3,57,0.447059005407001,2.83264432889328,1,5,5,"Montalto di Castro","Moscatelli et al., 2001"
3,57,0.116466132070336,2.47748799110766,1,5,6,"Montalto di Castro","Moscatelli et al., 2001"
3,57,0.129784223266073,2.35247844665846,1,5,6,"Montalto di Castro","Moscatelli et al., 2001"
3,57,-0.138805110152598,2.4751794956958,1,5,6,"Montalto di Castro","Moscatelli et al., 2001"
3,57,0.0724234065837406,2.38035902116354,1,5,6,"Montalto di Castro","Moscatelli et al., 2001"
3,57,0.148801484308442,2.32215469568055,1,5,6,"Montalto di Castro","Moscatelli et al., 2001"
3,57,-0.0485925552368653,2.22651023483198,1,5,6,"Montalto di Castro","Moscatelli et al., 2001"
3,57,-0.0961899636856184,2.49769671822037,1,5,6,"Montalto di Castro","Moscatelli et al., 2001"
3,57,0.327322731926205,2.73877211369486,1,5,5,"Montalto di Castro","Moscatelli et al., 2001"
3,57,0.13338753877978,2.36171208348471,1,5,6,"Montalto di Castro","Moscatelli et al., 2001"
3,57,-0.0323147894703714,2.3768464543697,1,5,6,"Montalto di Castro","Moscatelli et al., 2001"
3,57,0.123663330149427,2.28706874012532,1,5,6,"Montalto di Castro","Moscatelli et al., 2001"
3,57,0.543449325353322,3.11122656967567,1,5,5,"Montalto di Castro","Moscatelli et al., 2001"
3,57,0.240920306543742,2.55215868381618,1,5,6,"Montalto di Castro","Moscatelli et al., 2001"
3,57,0.0614160741727465,2.51868290325884,1,5,6,"Montalto di Castro","Moscatelli et al., 2001"
3,57,0.019964365442474,2.39048527581159,1,5,5,"Montalto di Castro","Moscatelli et al., 2001"
3,57,0.124668705366677,0.00899144996997169,1,5,3,"Montalto di Castro","De Angelis & Scarascia Mugnozza, 1998"
2,58,-0.344840486291729,0.0066718166327291,1,3,2,"Moor House","Fitter et al., 1997"
2,58,-0.305381649551182,0.0107888276770212,1,3,2,"Moor House","Fitter et al., 1997"
1,59,0.42494358388413,0.00348753547609144,1,3,1,"Nåntuna","Marissink et al., 2002"
1,59,0.285029935928576,0.00999462888401224,1,3,0,"Nåntuna","Marissink et al., 2002"
1,59,0.517673482791287,0.0165718122763158,1,3,2,"Nåntuna","Marissink et al., 2002"
1,59,0.0270499575295265,0.0060360074373296,1,3,3,"Nåntuna","Marissink et al., 2002"
2,60,-0.610481274829817,0.151351385092164,1,3,NA,"NERC","Kandeler et al., 1998"
2,60,-1.11831735974744,0.235220265440977,3,3,NA,"NERC","Kandeler et al., 1998"
2,60,0.0871468691651639,0.108092149623207,2,3,NA,"NERC","Kandeler et al., 1998"
1,60,-0.138836444854216,0.00358524203617529,2,3,NA,"NERC","Bardgett et al., 1999"
2,60,0.0606246218164348,0.0165745296280277,2,3,NA,"NERC","Bardgett et al., 1999"
2,61,-0.405465108108164,0.0311918463024114,1,3,4,"New Zealand FACE","Allard et al., 2005"
1,61,-0.12362809958858,0.00549319127485361,1,3,4,"New Zealand FACE","Allard et al., 2005"
2,61,-0.226930410045707,0.0503581613367957,1,3,4,"New Zealand FACE","Allard et al., 2005"
1,61,0.225148473155955,0.0190098272701155,1,3,4,"New Zealand FACE","Allard et al., 2005"
1,61,0.287682072451781,0.046008582305884,1,3,4,"New Zealand FACE","Allard et al., 2005"
1,61,-0.0800427076735364,0.0468957259356661,1,3,4,"New Zealand FACE","Allard et al., 2005"
3,62,-0.032789822822991,0.0268961729679732,1,5,3,"Oak Ridge_acer","Edwards & Norby, 1999"
3,62,0.364222149574115,0.0231452780130695,1,5,2,"Oak Ridge_acer","Edwards & Norby, 1999"
3,62,0.119188517265118,0.0564360514009508,1,5,1,"Oak Ridge_acer","Edwards & Norby, 1999"
3,62,0.172612742666994,0.0260101657565979,1,5,1,"Oak Ridge_acer","Edwards & Norby, 1999"
3,62,0.334847540894211,0.114209815217231,1,5,2,"Oak Ridge_acer","Edwards & Norby, 1999"
3,62,0.16799173123913,0.0404178517928934,1,5,1,"Oak Ridge_acer","Edwards & Norby, 1999"
3,62,0.732887509209459,0.130372790955452,1,5,2,"Oak Ridge_acer","Edwards & Norby, 1999"
3,62,0.201739642651056,0.0230863925800045,1,5,2,"Oak Ridge_acer","Edwards & Norby, 1999"
3,62,0.369533098882101,0.0270971147554331,1,5,1,"Oak Ridge_acer","Edwards & Norby, 1999"
3,62,0.238411023444998,0.463329163066925,1,5,2,"Oak Ridge_acer","Edwards & Norby, 1999"
3,62,0.0222231367847103,0.0208719266017226,1,5,2,"Oak Ridge_acer","Edwards & Norby, 1999"
3,62,0.235314086934465,0.0368768151147566,1,5,1,"Oak Ridge_acer","Edwards & Norby, 1999"
3,62,0.157185583522413,0.071473573547733,1,5,2,"Oak Ridge_acer","Edwards & Norby, 1999"
3,62,0.527162043085684,0.0340606343980948,3,5,2,"Oak Ridge_acer","Edwards & Norby, 1999"
3,62,0.0116960397631912,0.0320131334434961,3,5,1,"Oak Ridge_acer","Edwards & Norby, 1999"
3,62,0.372675285285174,0.0560059608689508,3,5,3,"Oak Ridge_acer","Edwards & Norby, 1999"
3,62,0.0202027073175195,0.0236783007080383,3,5,1,"Oak Ridge_acer","Edwards & Norby, 1999"
3,62,-0.0372713947972315,0.0803274502314862,3,5,1,"Oak Ridge_acer","Edwards & Norby, 1999"
3,62,0.301786678633323,0.0656174523163665,3,5,2,"Oak Ridge_acer","Edwards & Norby, 1999"
3,62,0.21551962620355,0.0752087170456736,3,5,1,"Oak Ridge_acer","Edwards & Norby, 1999"
3,62,0.37806613392005,0.0955322189055923,3,5,2,"Oak Ridge_acer","Edwards & Norby, 1999"
3,62,0.238411023444998,0.166031278356453,3,5,2,"Oak Ridge_acer","Edwards & Norby, 1999"
3,62,0.0518250678645862,0.164630896811233,3,5,2,"Oak Ridge_acer","Edwards & Norby, 1999"
3,62,0.146092618497496,0.00551265692344668,3,5,2,"Oak Ridge_acer","Edwards & Norby, 1999"
3,62,-0.20875481386211,0.0338507173505823,3,5,1,"Oak Ridge_acer","Edwards & Norby, 1999"
3,62,0.100804699121966,0.00834441758033085,3,5,2,"Oak Ridge_acer","Edwards & Norby, 1999"
3,62,-0.0359320092260633,0.0373268095074402,2,5,2,"Oak Ridge_acer","Edwards & Norby, 1999"
3,62,-0.135341347869762,0.0498014010580613,2,5,1,"Oak Ridge_acer","Edwards & Norby, 1999"
3,62,-0.510825623765991,0.0535947712418301,2,5,1,"Oak Ridge_acer","Edwards & Norby, 1999"
3,62,-0.0578195708888262,0.0517182181124775,2,5,2,"Oak Ridge_acer","Edwards & Norby, 1999"
3,62,-0.138150338480817,0.0217109235492864,2,5,3,"Oak Ridge_acer","Edwards & Norby, 1999"
3,62,-0.336472236621213,0.0277384423157018,2,5,1,"Oak Ridge_acer","Edwards & Norby, 1999"
3,62,-0.107888962011185,0.0292256593295999,2,5,2,"Oak Ridge_acer","Edwards & Norby, 1999"
3,62,-0.219362828474304,0.0398185551426757,2,5,2,"Oak Ridge_acer","Edwards & Norby, 1999"
3,62,-0.362905493689368,0.0363898242228523,2,5,1,"Oak Ridge_acer","Edwards & Norby, 1999"
3,62,-0.352821374622742,0.214345762682561,2,5,2,"Oak Ridge_acer","Edwards & Norby, 1999"
3,62,0,0.0462278106508876,2,5,2,"Oak Ridge_acer","Edwards & Norby, 1999"
3,62,-0.417735200699979,0.0680944290623273,2,5,1,"Oak Ridge_acer","Edwards & Norby, 1999"
3,62,-0.136575535005751,0.0683544334477231,2,5,2,"Oak Ridge_acer","Edwards & Norby, 1999"
3,62,-0.156004248476581,0.0410427611509863,1,5,1,"Oak Ridge_acer","Edwards & Norby, 1999"
3,62,0.211309093667207,0.0259540090546022,1,5,1,"Oak Ridge_acer","Edwards & Norby, 1999"
3,62,0.0682082500265336,0.103796250139457,1,5,2,"Oak Ridge_acer","Edwards & Norby, 1999"
3,62,-0.119801199812621,0.0534605395550434,1,5,1,"Oak Ridge_acer","Edwards & Norby, 1999"
3,62,-0.012903404835908,0.0246440760926275,1,5,1,"Oak Ridge_acer","Edwards & Norby, 1999"
3,62,-0.0281708769666963,0.00396982867220963,1,5,2,"Oak Ridge_acer","Edwards & Norby, 1999"
3,62,-0.147635998806065,0.0360398575246012,1,5,1,"Oak Ridge_acer","Edwards & Norby, 1999"
3,62,0.127833371509885,0.0506382231404959,1,5,2,"Oak Ridge_acer","Edwards & Norby, 1999"
3,62,0.273293334999682,0.00322229080668184,1,5,3,"Oak Ridge_acer","Edwards & Norby, 1999"
3,62,0.196710294246054,0.0399691008255854,1,5,2,"Oak Ridge_acer","Edwards & Norby, 1999"
3,62,0.397301797469003,0.0561358823124089,1,5,2,"Oak Ridge_acer","Edwards & Norby, 1999"
3,62,0.21921427317432,0.0117006581571794,1,5,2,"Oak Ridge_acer","Edwards & Norby, 1999"
3,62,-0.139761942375159,0.0713433364839319,1,5,2,"Oak Ridge_acer","Edwards & Norby, 1999"
3,62,0.520193373769591,0.0270663602132134,3,5,2,"Oak Ridge_acer","Edwards & Norby, 1999"
3,62,0.279313822781264,0.181846655873678,3,5,1,"Oak Ridge_acer","Edwards & Norby, 1999"
3,62,0.0273989741881146,0.0195268466664863,3,5,2,"Oak Ridge_acer","Edwards & Norby, 1999"
3,62,0.227057450635346,0.0128864668186515,3,5,1,"Oak Ridge_acer","Edwards & Norby, 1999"
3,62,0.131927543042548,0.0123510199877306,3,5,1,"Oak Ridge_acer","Edwards & Norby, 1999"
3,62,0.390866308687012,0.267274873921547,3,5,2,"Oak Ridge_acer","Edwards & Norby, 1999"
3,62,0.122602322092332,0.0345389033679713,3,5,2,"Oak Ridge_acer","Edwards & Norby, 1999"
3,62,0.23767165187712,0.0627059213837917,3,5,2,"Oak Ridge_acer","Edwards & Norby, 1999"
3,62,0.084557388028063,0.0323091198839352,3,5,1,"Oak Ridge_acer","Edwards & Norby, 1999"
3,62,0.158224005214894,0.00352802632058177,3,5,3,"Oak Ridge_acer","Edwards & Norby, 1999"
3,62,0.374693449441411,0.0358465525729597,3,5,2,"Oak Ridge_acer","Edwards & Norby, 1999"
3,62,0.316669609325033,0.00765113888692732,3,5,2,"Oak Ridge_acer","Edwards & Norby, 1999"
3,62,0.0317486983145803,0.0408471908331165,3,5,1,"Oak Ridge_acer","Edwards & Norby, 1999"
3,62,-0.0719734996250891,0.025979249860427,2,5,2,"Oak Ridge_acer","Edwards & Norby, 1999"
3,62,0.2484613592985,0.00383330046022354,2,5,1,"Oak Ridge_acer","Edwards & Norby, 1999"
3,62,0.298492988555997,0.168895526674522,2,5,2,"Oak Ridge_acer","Edwards & Norby, 1999"
3,62,-0.247836163904581,0.114715594326294,2,5,2,"Oak Ridge_acer","Edwards & Norby, 1999"
3,62,0.192077731739319,0.0429272267034486,2,5,2,"Oak Ridge_acer","Edwards & Norby, 1999"
3,62,0.205852054204149,0.00135715941325151,2,5,3,"Oak Ridge_acer","Edwards & Norby, 1999"
3,62,-0.0558804583944566,0.0957264761547262,2,5,2,"Oak Ridge_acer","Edwards & Norby, 1999"
3,62,-0.0930904230660121,0.00353831126387145,2,5,1,"Oak Ridge_acer","Edwards & Norby, 1999"
3,62,-0.0606246218164349,0.086760500768935,2,5,1,"Oak Ridge_acer","Edwards & Norby, 1999"
3,62,0.24231346742193,0.0245920202094137,2,5,1,"Oak Ridge_acer","Edwards & Norby, 1999"
3,62,0.204794412646013,0.0440475532542031,2,5,2,"Oak Ridge_acer","Edwards & Norby, 1999"
3,62,0.084557388028063,0.0448737776165766,2,5,1,"Oak Ridge_acer","Edwards & Norby, 1999"
3,62,-0.0198026272961798,0.0101980776624375,2,5,2,"Oak Ridge_acer","Edwards & Norby, 1999"
1,62,0.655213365356325,0.071925907068779,1,5,1,"Oak Ridge_acer","Norby et al., 2000"
2,62,0.0443341011938534,0.0392995201081675,1,5,3,"Oak Ridge_acer","Wan et al., 2004"
1,62,0.424728407183748,0.128893924229425,3,5,1,"Oak Ridge_acer","Norby et al., 2000"
2,62,-0.26653427720144,0.0803265717934189,3,5,3,"Oak Ridge_acer","Wan et al., 2004"
1,62,-0.588189160379479,0.230853083213634,2,5,1,"Oak Ridge_acer","Norby et al., 2000"
2,62,-0.926777252722921,0.0247618454674917,2,5,3,"Oak Ridge_acer","Wan et al., 2004"
3,63,0.378653877072276,0.0592160105198501,1,3,1,"Oak Ridge_grassland","Wan et al., 2007"
1,63,0.215931981598649,0.0046072142732772,1,3,4,"Oak Ridge_grassland","Wan et al., 2007"
1,63,0.10237097680946,0.00561014688252813,1,3,3,"Oak Ridge_grassland","Kardol et al., 2010"
3,63,0.226313160594275,0.0263797350809672,3,3,1,"Oak Ridge_grassland","Wan et al., 2007"
1,63,0.438629332561501,0.0249318295174659,3,3,3,"Oak Ridge_grassland","Kardol et al., 2010"
1,63,0.110437426667115,0.0241568591438383,3,3,4,"Oak Ridge_grassland","Kardol et al., 2010"
1,63,0.17176297023346,0.0107649069146415,2,3,3,"Oak Ridge_grassland","Kardol et al., 2010"
3,63,-0.0655973186171029,0.0628198760709325,2,3,1,"Oak Ridge_grassland","Wan et al., 2007"
1,63,0.0381837869701588,0.0149982435265373,2,3,4,"Oak Ridge_grassland","Kardol et al., 2010"
3,64,0.114618476053421,0.0297849756947247,1,5,3,"Oak Ridge_liquidambar","King et al., 2004"
1,65,0.18291508782875,0.00717065160280588,1,5,2,"Oak Ridge_liriodendron","Norby et al., 1992"
3,65,0.196114860069918,0.0112203309484591,1,5,2,"Oak Ridge_liriodendron","Norby et al., 1992"
2,65,0.166555316325145,0.0134662063125317,1,5,2,"Oak Ridge_liriodendron","Norby et al., 1992"
1,66,0.837141251338778,25.1559682189936,1,5,3,"Oak Ridge_quercus","Norby et al., 1995"
2,66,0.858268897472058,0.980798807265526,1,5,3,"Oak Ridge_quercus","Norby et al., 1995"
1,67,0.29925383204629,0.055989872907974,2,4,3,"Oldebroek","Penuelas et al., 2007"
1,67,0.269946935601489,1.08744699933847,2,4,0,"Oldebroek","Penuelas et al., 2007"
1,67,0.585703553510705,0.433642180062662,2,4,1,"Oldebroek","Penuelas et al., 2007"
1,67,0.190735239396039,0.092195576316603,2,4,4,"Oldebroek","Penuelas et al., 2007"
1,67,0.844550582866339,0.565957154441059,2,4,2,"Oldebroek","Penuelas et al., 2007"
3,68,-0.0971637484536479,0.110117155117695,1,5,2,"Orsay","Liozon, 1998"
2,68,0.750717032381423,0.3728081856515,1,5,2,"Orsay","Liozon, 1998"
3,68,0.345745873406542,0.207463283408463,1,5,1,"Orsay","Badeck et al., 1997"
3,68,0.995958134608026,0.370473340037789,1,5,1,"Orsay","Badeck et al., 1997"
1,70,0.231834093365301,0.0591944198795746,2,6,4,"Palmer Station","Day et al., 2008"
1,70,0.157878948669251,0.0641287437335288,2,6,4,"Palmer Station","Day et al., 2008"
1,69,0.317240388177133,0.0764436801538719,2,6,2,"Palmer Station","Day et al., 2009"
1,69,0,0.0848396985530239,2,6,1,"Palmer Station","Day et al., 2009"
1,71,-0.0312362719646537,0.0194455716614621,3,3,2,"PHACE","Morgan et al., 2011"
1,71,0.38347657471608,0.0279326812991352,3,3,1,"PHACE","Morgan et al., 2011"
2,71,0.0143960613854109,0.0131875023409358,3,3,1,"PHACE","Morgan et al., 2011"
2,71,0.131415426638847,0.02324692141864,3,3,2,"PHACE","Morgan et al., 2011"
1,71,0.252860800191451,0.0211677790751188,3,3,0,"PHACE","Morgan et al., 2011"
2,71,0.059372273499969,0.00924145512000257,3,3,0,"PHACE","Dijkstra et al., 2010"
2,71,0.0731992281917114,0.0167603075326956,3,3,0,"PHACE","Morgan et al., 2011"
2,71,0.157229184054346,0.0244022157433319,3,3,1,"PHACE","Dijkstra et al., 2010"
2,71,0.0588116770106384,0.0143436309892511,3,3,0,"PHACE","Morgan et al., 2011"
1,71,0.0347094551040508,0.0234047394464931,3,3,2,"PHACE","Morgan et al., 2011"
2,71,0.059372273499969,0.00924145512000257,3,3,0,"PHACE","Dijkstra et al., 2010"
1,71,0.141197288709194,0.0419738885322197,3,3,1,"PHACE","Morgan et al., 2011"
2,71,0.257810395401913,0.0161851372393861,3,3,2,"PHACE","Morgan et al., 2011"
2,71,0.358830891593801,0.0358391529586492,3,3,1,"PHACE","Dijkstra et al., 2010"
1,71,0.235200621213575,0.0394353790286206,3,3,0,"PHACE","Morgan et al., 2011"
2,71,0.228999933740135,0.0174999962115652,3,3,1,"PHACE","Morgan et al., 2011"
2,71,-0.133531392624523,0.0217275570255264,3,3,0,"PHACE","Dijkstra et al., 2010"
2,71,-0.0963439896128901,0.0144622216721876,3,3,1,"PHACE","Morgan et al., 2011"
2,71,-0.0120628724492751,0.0235459843972913,3,3,1,"PHACE","Dijkstra et al., 2010"
1,71,-0.0698920619943837,0.0165423159970946,3,3,2,"PHACE","Morgan et al., 2011"
1,71,0.00653896797220183,0.0415474222464127,3,3,1,"PHACE","Morgan et al., 2011"
2,71,-0.134128610431126,0.0162923907756559,3,3,0,"PHACE","Morgan et al., 2011"
2,71,0.0276197857922512,0.0134627181324188,3,3,2,"PHACE","Morgan et al., 2011"
1,71,0.00806083018284042,0.0302671294018774,3,3,0,"PHACE","Morgan et al., 2011"
3,72,1.17399776777403,3.97771707782265,1,5,2,"POPFACE","Gielen et al., 2005"
2,72,0.555777011628257,0.0122416122528703,1,5,2,"POPFACE","Gielen et al., 2005"
3,72,0.341380984651406,0.185309378993668,1,5,1,"POPFACE","Gielen et al., 2005"
1,72,0.163843809032918,0.0143695826644255,1,5,1,"POPFACE","Gielen et al., 2005"
1,72,0.213933184311254,0.0169513562763481,1,5,2,"POPFACE","Gielen et al., 2005"
2,72,0.112362968187044,0.0164520387709396,1,5,1,"POPFACE","Gielen et al., 2005"
3,72,0.553505854459234,0.553217534653663,1,5,2,"POPFACE","Gielen et al., 2005"
2,72,0.536612709377411,0.0124298924760112,1,5,1,"POPFACE","Gielen et al., 2005"
1,72,0.259264859728204,0.00374044167858992,1,5,1,"POPFACE","Gielen et al., 2005"
1,72,0.201648575886637,0.000898581820673147,1,5,2,"POPFACE","Gielen et al., 2005"
2,72,0.49783842823918,0.00192569770025298,1,5,2,"POPFACE","Gielen et al., 2005"
3,72,0.210999555963125,0.0261507891773112,1,5,1,"POPFACE","Gielen et al., 2005"
2,72,0.324821619401238,0.0152339945077924,1,5,1,"POPFACE","Gielen et al., 2005"
3,72,0.417828604837261,0.284969302666438,1,5,1,"POPFACE","Gielen et al., 2005"
2,72,0.41004596815713,0.00169420695509465,1,5,2,"POPFACE","Gielen et al., 2005"
3,72,1.08120168210666,1.5701371322531,1,5,2,"POPFACE","Gielen et al., 2005"
1,72,0.132843453783479,0.000520595524623943,1,5,2,"POPFACE","Gielen et al., 2005"
1,72,0.128927873188892,0.00294678070102783,1,5,1,"POPFACE","Gielen et al., 2005"
2,73,0.317630500319717,0.00639539660282288,2,3,2,"Rigg Foot Hill","Briones et al., 2009"
1,73,-0.162401758017179,0.097487208480134,2,3,2,"Rigg Foot Hill","Briones et al., 2009"
3,73,0.48019081704845,0.461787648892704,2,3,2,"Rigg Foot Hill","Briones et al., 2009"
1,74,0.195725267584209,0.00161483889154876,1,2,NA,"Risø","Gavito et al., 2000"
2,74,0.116238561590569,0.00570821232392919,1,2,NA,"Risø","Gavito et al., 2000"
1,74,0.17441277662098,0.0158805145906458,1,2,NA,"Risø","Gavito et al., 2003"
1,74,0.188071807487123,0.0544112029294525,1,2,NA,"Risø","Gavito et al., 2003"
2,74,0.0362030486639604,0.0151957068832766,1,2,NA,"Risø","Gavito et al., 2003"
2,74,-0.0287651664031343,0.0263214490977067,1,2,NA,"Risø","Gavito et al., 2003"
2,74,0.0334603705636817,0.00523511165405095,3,2,NA,"Risø","Gavito et al., 2003"
1,74,0.684073723245208,0.0204897433281049,3,2,NA,"Risø","Gavito et al., 2003"
1,74,0.537996800559456,0.0585324605472167,3,2,NA,"Risø","Gavito et al., 2003"
2,74,0.0479852173622209,0.0159978712533782,3,2,NA,"Risø","Gavito et al., 2003"
2,74,0.0993517155124775,0.0247719701363383,2,2,NA,"Risø","Gavito et al., 2003"
2,74,-0.0094967475372572,0.0078864723028418,2,2,NA,"Risø","Gavito et al., 2003"
1,74,0.592203742276754,0.0172177854483824,2,2,NA,"Risø","Gavito et al., 2003"
1,74,0.424356004138363,0.0391016484787546,2,2,NA,"Risø","Gavito et al., 2003"
2,75,0.350502084831651,0.00338325330836184,1,5,3,"SCBG","Deng et al., 2010"
3,75,0.193191229030859,0.00127885335745036,1,5,1,"SCBG","Deng et al., 2010"
1,75,0.16696616871076,0.00565648050368122,1,5,3,"SCBG","Deng et al., 2010"
3,75,0.250025353013776,0.000839073674771459,1,5,2,"SCBG","Deng et al., 2010"
3,75,0.250393193761585,7.55776603345225e-05,1,5,3,"SCBG","Deng et al., 2010"
3,76,0.311075691579286,0.0397038018906532,1,5,0,"Stillberg","Hagedorn et al., 2010"
3,76,0.524346899250465,0.0309487863601619,3,5,0,"Stillberg","Hagedorn et al., 2010"
3,76,0.51552286511991,0.0546265696743366,2,5,0,"Stillberg","Hagedorn et al., 2010"
3,77,0.0421958451921333,0.505223801296774,1,5,0,"Suonenjoki Research Station","Kasurinen et al., 2004"
3,77,-0.0644876209184508,1.12828999344364,1,5,2,"Suonenjoki Research Station","Kasurinen et al., 2004"
3,77,-0.240579965227936,0.746802300291288,1,5,1,"Suonenjoki Research Station","Kasurinen et al., 2004"
3,77,0.16891700612984,0.706603491195816,1,5,0,"Suonenjoki Research Station","Kasurinen et al., 2004"
3,77,0.425053027176611,1.57355088902469,1,5,2,"Suonenjoki Research Station","Kasurinen et al., 2004"
3,77,0.218455838299747,0.695299897264392,1,5,1,"Suonenjoki Research Station","Kasurinen et al., 2004"
1,78,0.0419647861913956,0.0221339887376379,1,3,2,"Swiss Central Alps","Schäppi & Körner, 1996"
2,78,-0.110984634858979,0.0141895152515048,1,3,2,"Swiss Central Alps","Schäppi & Körner, 1996"
1,79,0.196708159158343,0.0365808908439246,1,3,3,"Swiss Jura","Niklaus & Körner, 2004"
1,79,0.262368797432345,0.0144550375668749,1,3,1,"Swiss Jura","Niklaus & Körner, 2004"
1,79,0.251336145977392,0.0131038867341551,1,3,1,"Swiss Jura","Leadley et al., 1999"
2,79,0.145797111775101,0.00863554482556442,1,3,2,"Swiss Jura","Leadley et al., 1999"
2,79,0.0709448941557696,0.0125610924079366,1,3,1,"Swiss Jura","Leadley et al., 1999"
1,79,0.0839176156080763,0.0211231695251052,1,3,0,"Swiss Jura","Leadley et al., 1999"
2,79,-0.146328495773417,0.0197649579661381,1,3,0,"Swiss Jura","Leadley et al., 1999"
1,79,0.242559666963038,0.0139750418121022,1,3,3,"Swiss Jura","Niklaus & Körner, 2004"
1,79,0.282859624436267,0.0250787436911054,1,3,4,"Swiss Jura","Niklaus & Körner, 2004"
1,79,0.103034163884609,0.0105185141035813,1,3,5,"Swiss Jura","Niklaus & Körner, 2004"
3,79,0.125626213117409,0.0195236797567538,1,3,0,"Swiss Jura","Stocker et al., 1999"
3,79,0.145182009844498,0.0300062582212438,1,3,0,"Swiss Jura","Stocker et al., 1999"
3,79,0.215448515092409,0.0193298258570511,1,3,0,"Swiss Jura","Stocker et al., 1999"
1,79,0.147933754784802,0.0131889014865897,1,3,1,"Swiss Jura","Leadley et al., 1999"
1,79,0.0629192098009837,0.0039679796434411,1,3,0,"Swiss Jura","Leadley et al., 1999"
1,79,0.190520186086701,0.0126343968438127,1,3,1,"Swiss Jura","Niklaus & Körner, 2004"
2,79,0.203475950947134,0.029085435388358,1,3,1,"Swiss Jura","Leadley et al., 1999"
1,79,0.04725328290738,0.00452710594268247,1,3,0,"Swiss Jura","Niklaus & Körner, 2004"
1,79,0.206356354109111,0.00550101437951479,1,3,2,"Swiss Jura","Leadley et al., 1999"
1,79,0.190834323005177,0.00701385124491869,1,3,2,"Swiss Jura","Niklaus & Körner, 2004"
2,79,0.236823039850369,0.0433121318814682,1,3,2,"Swiss Jura","Leadley et al., 1999"
1,79,0.3158521309643,0.0325124726596918,1,3,4,"Swiss Jura","Niklaus & Körner, 2004"
2,79,0.132225665090269,0.0128591536632325,1,3,2,"Swiss Jura","Leadley et al., 1999"
2,79,0.113082414906629,0.0222482475793693,1,3,0,"Swiss Jura","Leadley et al., 1999"
2,79,0.393318857810344,0.0308149702721829,1,3,1,"Swiss Jura","Leadley et al., 1999"
1,79,0.409701140580909,0.0419101192416924,1,3,2,"Swiss Jura","Leadley et al., 1999"
1,79,0.182344378244949,0.0393211523038349,1,3,2,"Swiss Jura","Leadley et al., 1999"
2,79,0.208269944478662,0.0212199217377278,1,3,0,"Swiss Jura","Leadley et al., 1999"
1,79,0.138145410187485,0.0123633095154369,1,3,2,"Swiss Jura","Niklaus & Körner, 2004"
1,79,0.138166707196547,0.0219157041368182,1,3,0,"Swiss Jura","Leadley et al., 1999"
1,79,0.0870145019847469,0.0304158266252983,1,3,0,"Swiss Jura","Niklaus & Körner, 2004"
1,79,0.0193930130252098,0.0158819286662434,1,3,1,"Swiss Jura","Leadley et al., 1999"
1,80,0.510298071996995,0.488739953992804,1,3,0,"SwissFACE_bromus/carex","Van Kleunen et al., 2006"
1,80,0.354534818003819,0.0456682113229331,1,3,0,"SwissFACE_bromus/carex","Van Kleunen et al., 2006"
1,80,0.324808740452025,0.0615519081686507,1,3,0,"SwissFACE_bromus/carex","Van Kleunen et al., 2006"
1,80,0.42131315397339,0.0426745033327481,1,3,0,"SwissFACE_bromus/carex","Van Kleunen et al., 2006"
1,80,0.396881855473834,0.168505467817951,1,3,0,"SwissFACE_bromus/carex","Van Kleunen et al., 2006"
1,80,0.329479220177438,0.185049044718573,1,3,0,"SwissFACE_bromus/carex","Van Kleunen et al., 2006"
1,80,0.44266150022358,0.0481814274073051,1,3,0,"SwissFACE_bromus/carex","Van Kleunen et al., 2006"
1,80,-0.548566826859363,0.241708625482085,1,3,0,"SwissFACE_bromus/carex","Van Kleunen et al., 2006"
1,80,-0.0674408536328331,0.160627079203823,1,3,0,"SwissFACE_bromus/carex","Van Kleunen et al., 2006"
1,80,-0.182323409181951,0.138205251391485,1,3,0,"SwissFACE_bromus/carex","Van Kleunen et al., 2006"
1,80,0.212923177909898,0.129178526115109,1,3,0,"SwissFACE_bromus/carex","Van Kleunen et al., 2006"
1,80,0.114774016711929,0.144874437833117,1,3,0,"SwissFACE_bromus/carex","Van Kleunen et al., 2006"
1,80,-0.309003744596118,0.15005887299202,1,3,0,"SwissFACE_bromus/carex","Van Kleunen et al., 2006"
1,80,0.378337793470783,0.0727900195813261,1,3,0,"SwissFACE_bromus/carex","Van Kleunen et al., 2006"
1,80,-0.517945020168191,0.212783057915962,1,3,0,"SwissFACE_bromus/carex","Van Kleunen et al., 2006"
1,80,0.652346845569086,0.0837702355056615,1,3,0,"SwissFACE_bromus/carex","Van Kleunen et al., 2006"
1,80,0.513970075814724,0.076416029747164,1,3,0,"SwissFACE_bromus/carex","Van Kleunen et al., 2006"
1,80,0.810929353025675,0.370067799185636,1,3,0,"SwissFACE_bromus/carex","Van Kleunen et al., 2006"
1,80,0.385716509628895,0.0644802357870976,1,3,0,"SwissFACE_bromus/carex","Van Kleunen et al., 2006"
1,80,-0.69314718034966,0.369893073560537,1,3,0,"SwissFACE_bromus/carex","Van Kleunen et al., 2006"
1,80,0.693147180213592,0.131919981268885,1,3,0,"SwissFACE_bromus/carex","Van Kleunen et al., 2006"
1,80,0.43262375387668,0.047146410892491,1,3,0,"SwissFACE_bromus/carex","Van Kleunen et al., 2006"
1,80,0.363268343642742,0.0562711925218478,1,3,0,"SwissFACE_bromus/carex","Van Kleunen et al., 2006"
1,80,0.419192973776992,0.0545470847758005,1,3,0,"SwissFACE_bromus/carex","Van Kleunen et al., 2006"
1,80,0.554310840149204,0.149604028233947,1,3,0,"SwissFACE_bromus/carex","Van Kleunen et al., 2006"
1,80,0.478181469811292,0.0567580524881818,1,3,0,"SwissFACE_bromus/carex","Van Kleunen et al., 2006"
2,81,0.287682072451781,0.10279224537037,1,3,9,"SwissFACE_lolium","Bazot et al., 2006"
1,81,0.451985123743057,0.0401894642154382,1,3,9,"SwissFACE_lolium","Bazot et al., 2006"
1,81,-0.22314355131421,0.0379060185185185,1,3,9,"SwissFACE_lolium","Bazot et al., 2006"
2,81,0.0606246218164348,0.082823538422722,1,3,9,"SwissFACE_lolium","Bazot et al., 2006"
1,82,0.732887389869301,0.305701284252295,1,3,5,"TasFACE","Pendall et al., 2011"
2,82,-0.393041223912325,0.0980614591130226,1,3,5,"TasFACE","Pendall et al., 2011"
1,82,0.378066219005154,0.157252656485885,3,3,5,"TasFACE","Pendall et al., 2011"
2,82,-0.628607065672847,0.108029833647788,3,3,5,"TasFACE","Pendall et al., 2011"
1,82,-0.0555810095212391,0.344178732163295,2,3,5,"TasFACE","Pendall et al., 2011"
2,82,-0.16251842949765,0.102730618580552,2,3,5,"TasFACE","Pendall et al., 2011"
1,83,0.20576365656181,0.0201018687504012,2,6,1,"Tazovskiy","Biasi et al., 2008"
1,85,1.11331253176816,0.05963163135118,2,6,5,"Toolik Lake","Shaver et al., 1998"
2,85,-0.0229861926455076,0.0830024684234928,2,6,5,"Toolik Lake","Shaver et al., 1998"
2,85,0.110661163428863,0.0416946890724489,2,6,5,"Toolik Lake","Shaver et al., 1998"
1,85,0.924594958261759,0.0876558412255806,2,6,5,"Toolik Lake","Shaver et al., 1998"
1,85,0.316094816634555,0.00980772357022694,2,6,12,"Toolik Lake","Boelman et al., 2003"
2,84,0.0833637020726626,0.03519365814021,2,6,3,"Toolik Lake","Hobbie & Chapin, 1998"
1,84,0.01885390417564,0.0116489438299717,2,6,3,"Toolik Lake","Hobbie & Chapin, 1998"
3,86,0.455877926982087,0.0321409343116374,2,6,0,"Toolik Lake","Grogan & Chapin, 2000"
3,86,0.21280457351903,0.017613469568446,2,6,0,"Toolik Lake","Grogan & Chapin, 2000"
2,86,0.281998444900342,0.0874313462433619,2,6,0,"Toolik Lake","Grogan & Chapin, 2000"
1,86,-0.00915821828971376,0.0297263595609598,2,6,0,"Toolik Lake","Grogan & Chapin, 2000"
1,86,-0.431067505574051,0.0712114618558746,2,6,0,"Toolik Lake","Grogan & Chapin, 2000"
2,86,-0.398639143037764,0.0893495805162161,2,6,0,"Toolik Lake","Grogan & Chapin, 2000"
1,87,0.408376318315623,0.00669703519953253,1,5,0,"UMBS_alnus","Vogel et al., 1997"
2,87,0.45721617316061,0.00240221641188326,1,5,0,"UMBS_alnus","Vogel et al., 1997"
1,88,0.193371343754599,0.28923188279242,1,5,0,"UMBS_populus(eur.)","Pregitzer et al., 1995"
2,88,0.252355353968484,0.0369088445126038,1,5,0,"UMBS_populus(eur.)","Pregitzer et al., 1995"
1,89,0.0408219945202552,0.0150720734121276,1,5,0,"UMBS_populus(grand.)","Zak et al., 1993"
2,89,0.472638676883741,0.0282758576486654,1,5,0,"UMBS_populus(grand.)","Zak et al., 1993"
3,90,0.238410970198245,0.00978597317258429,1,5,1,"UMBS_populus(trem.)","Mikan et al., 2000"
1,90,0.307642815014319,0.0152904672325545,1,5,1,"UMBS_populus(trem.)","Mikan et al., 2000"
2,90,0.183975816889981,0.00664207849253557,1,5,1,"UMBS_populus(trem.)","Mikan et al., 2000"
3,90,0.146319806805054,0.0090102422065656,1,5,2,"UMBS_populus(trem.)","Pregitzer et al., 2000"
3,90,0.270980889560591,0.0243789736171,1,5,1,"UMBS_populus(trem.)","Pregitzer et al., 2000"
1,91,0.447312218043665,0.361799670685826,1,3,0,"USDA ARS","Blank & Derner, 2004"
1,91,0.293139111914839,0.0463136799748944,1,3,0,"USDA ARS","Blank & Derner, 2004"
3,92,1.36827587029254,0.657346916259051,1,3,3,"USDA Central Plains","Pendall et al., 2003"
3,92,1.71297857547827,2.42011220764185,1,3,3,"USDA Central Plains","Pendall et al., 2003"
3,92,1.82280406080262,0.738286303275661,1,3,3,"USDA Central Plains","Pendall et al., 2003"
3,92,0.294239466547992,0.0280016963569161,1,3,3,"USDA Central Plains","Pendall et al., 2003"
3,92,1.38072332150805,0.529762547522132,1,3,3,"USDA Central Plains","Pendall et al., 2003"
3,92,1.55491702426821,0.233416217222255,1,3,3,"USDA Central Plains","Pendall et al., 2003"
3,92,0.858396768707736,0.053279697912269,1,3,3,"USDA Central Plains","Pendall et al., 2003"
3,92,0.325422410691039,0.0551019135632567,1,3,3,"USDA Central Plains","Pendall et al., 2003"
3,92,-1.35644142559944,0.178954132330465,1,3,3,"USDA Central Plains","Pendall et al., 2003"
3,92,0.207639340671102,0.0651552679881905,1,3,3,"USDA Central Plains","Pendall et al., 2003"
3,92,-0.953430243435098,0.33432837433258,1,3,3,"USDA Central Plains","Pendall et al., 2003"
3,92,-0.107420258538744,0.0811263688437024,1,3,3,"USDA Central Plains","Pendall et al., 2003"
3,92,0.396881406916037,0.0191666825832338,1,3,3,"USDA Central Plains","Pendall et al., 2003"
3,92,0.337596462501989,0.0556224928291345,1,3,3,"USDA Central Plains","Pendall et al., 2003"
3,92,-0.308615308306861,0.100655458694226,1,3,3,"USDA Central Plains","Pendall et al., 2003"
3,92,0.161969348439047,0.0237756787972995,1,3,3,"USDA Central Plains","Pendall et al., 2003"
1,92,0.342346843784653,0.0127884403501669,1,3,4,"USDA Central Plains","Morgan et al., 2004"
3,92,0.31143616471666,0.0270780853683411,1,3,3,"USDA Central Plains","Pendall et al., 2003"
3,92,0.332342912576284,0.140805647697393,1,3,3,"USDA Central Plains","Pendall et al., 2003"
3,92,-0.084307026219647,0.00952943173536543,1,3,3,"USDA Central Plains","Pendall et al., 2003"
2,93,0.364643113587909,0.0320166667928656,1,5,0,"USDA Placerville","Walker et al., 1997"
1,93,0.405465108108164,0.0606805365035818,1,5,0,"USDA Placerville","Walker et al., 1997"
3,93,0.656779536389071,0.288083340332018,1,5,2,"USDA Placerville","Johnson et al., 1994"
3,93,0.834915467994438,0.818283667684625,1,5,2,"USDA Placerville","Vose et al., 1995"
3,93,0.335381769709481,0.0689635241065521,1,5,2,"USDA Placerville","Vose et al., 1995"
2,93,0.492807118263312,0.0705288847234724,1,5,2,"USDA Placerville","Walker et al., 1997"
1,93,0.680427218560385,0.130840450408834,1,5,1,"USDA Placerville","Walker et al., 1997"
3,93,0.494349896591788,0.10834481732517,1,5,2,"USDA Placerville","Vose et al., 1995"
1,93,0.545718606267246,0.0835260998141876,1,5,2,"USDA Placerville","Walker et al., 1997"
2,93,0.79423291359272,0.102374390448251,1,5,1,"USDA Placerville","Walker et al., 1997"
1,94,0.408328064934477,0.0035170939392758,1,5,18,"USDA_citrus","Kimball et al., 2007"
2,94,0.41469878405511,0.00590551027377126,1,5,18,"USDA_citrus","Kimball et al., 2007"
3,95,0.54430155296238,0.0296503565211638,1,5,1,"USEPA TERA","Lin et al., 1999"
3,95,0.176623535679317,0.0240279850921085,1,5,1,"USEPA TERA","Lin et al., 2001"
3,95,0.32287851709889,0.0174693204154112,1,5,1,"USEPA TERA","Lin et al., 1999"
3,95,0.244930905499117,0.0324551488951802,1,5,1,"USEPA TERA","Lin et al., 1999"
3,95,0.16029113687491,0.0131074964732666,1,5,2,"USEPA TERA","Lin et al., 2001"
3,95,0.269332933783584,0.00788424598489533,1,5,1,"USEPA TERA","Lin et al., 2001"
3,95,0.475308681475429,0.0212525890220914,1,5,1,"USEPA TERA","Lin et al., 2001"
3,95,0.0954299474552255,0.062066277410295,1,5,2,"USEPA TERA","Lin et al., 2001"
3,95,0,0.0168493219868185,1,5,1,"USEPA TERA","Lin et al., 1999"
3,95,0.502422212969611,0.0453565529032769,1,5,2,"USEPA TERA","Lin et al., 2001"
3,95,0.148820887063911,0.00530121203702629,1,5,2,"USEPA TERA","Lin et al., 2001"
3,95,0.171303759053508,0.0415292704967335,1,5,1,"USEPA TERA","Lin et al., 2001"
3,95,0.748094877343849,0.0255527475069429,3,5,2,"USEPA TERA","Lin et al., 2001"
3,95,0.442820894651933,0.0355983040267392,3,5,1,"USEPA TERA","Lin et al., 2001"
3,95,1.03075858571141,0.0355298911312729,3,5,1,"USEPA TERA","Lin et al., 1999"
3,95,0.396332624544892,0.0177565339805304,3,5,1,"USEPA TERA","Lin et al., 2001"
3,95,0.513261678563872,0.0140200863065938,3,5,1,"USEPA TERA","Lin et al., 1999"
3,95,0.515221235239029,0.0324670545628799,3,5,1,"USEPA TERA","Lin et al., 1999"
3,95,0.456526572194456,0.0152948076869173,3,5,2,"USEPA TERA","Lin et al., 2001"
3,95,0.450330863647031,0.00853884728922677,3,5,1,"USEPA TERA","Lin et al., 2001"
3,95,0.968519758540437,0.0241360156707165,3,5,1,"USEPA TERA","Lin et al., 2001"
3,95,0.327396734738346,0.055557305787025,3,5,2,"USEPA TERA","Lin et al., 2001"
3,95,0.410477649931709,0.0188542148206134,3,5,1,"USEPA TERA","Lin et al., 1999"
3,95,0.152820892397257,0.00448016368528557,3,5,2,"USEPA TERA","Lin et al., 2001"
3,95,0.174755316410639,0.0291322939008306,2,5,1,"USEPA TERA","Lin et al., 1999"
3,95,0.325654823445552,0.0690487273593155,2,5,2,"USEPA TERA","Lin et al., 2001"
3,95,0.132658919106913,0.00872013495936409,2,5,2,"USEPA TERA","Lin et al., 2001"
3,95,0.29199800491735,0.0452262157824973,2,5,1,"USEPA TERA","Lin et al., 2001"
3,95,0.894784526653191,0.0258870867674002,2,5,1,"USEPA TERA","Lin et al., 1999"
3,95,0.040094457201878,0.0159814753841428,2,5,1,"USEPA TERA","Lin et al., 2001"
3,95,0.472287604353566,0.0209777723427043,2,5,1,"USEPA TERA","Lin et al., 1999"
3,95,0.424374762465457,0.0297345197626322,2,5,1,"USEPA TERA","Lin et al., 1999"
3,95,0.0488563915279779,0.00833644147652098,2,5,2,"USEPA TERA","Lin et al., 2001"
3,95,0.385350743915399,0.00661651247487086,2,5,1,"USEPA TERA","Lin et al., 2001"
3,95,0.75901460554757,0.0449576356002713,2,5,1,"USEPA TERA","Lin et al., 2001"
3,95,0.135341347869762,0.0600328050604963,2,5,2,"USEPA TERA","Lin et al., 2001"
3,96,-0.210533866197416,1.32818836052131,1,5,1,"USEPA_pine","Tingey et al., 2006"
3,96,0.00124998394087864,0.841766725576849,1,5,1,"USEPA_pine","Tingey et al., 2006"
3,96,-0.0464915377432594,0.893129259699439,1,5,1,"USEPA_pine","Tingey et al., 2006"
3,96,-0.0685812691372742,1.60817367445741,1,5,1,"USEPA_pine","Tingey et al., 2006"
3,96,-0.0393999031585147,0.828103451248618,1,5,1,"USEPA_pine","Tingey et al., 2006"
3,96,-0.0951431483209334,0.782183499691158,1,5,1,"USEPA_pine","Tingey et al., 2006"
3,96,-0.291128107398674,1.06172230899654,1,5,1,"USEPA_pine","Tingey et al., 2006"
3,96,-0.0966034249525824,0.787176428785558,1,5,0,"USEPA_pine","Tingey et al., 2006"
3,96,0.146857763235143,0.544251190595546,1,5,2,"USEPA_pine","Tingey et al., 2006"
3,96,0.182575740465856,0.498518658966224,1,5,2,"USEPA_pine","Tingey et al., 2006"
3,96,0.0173313809339311,0.632959530967417,1,5,3,"USEPA_pine","Tingey et al., 2006"
3,96,0.253170015966554,0.452287862811012,1,5,1,"USEPA_pine","Tingey et al., 2006"
3,96,0.0591557093435771,0.503893341669067,1,5,2,"USEPA_pine","Tingey et al., 2006"
3,96,-0.3121994215942,0.772729004668796,1,5,0,"USEPA_pine","Tingey et al., 2006"
3,96,-0.296249420149953,0.778024995419303,1,5,0,"USEPA_pine","Tingey et al., 2006"
3,96,-0.0936073495617778,0.577199570213499,1,5,3,"USEPA_pine","Tingey et al., 2006"
3,96,0.1776810966999,0.438504790067308,1,5,1,"USEPA_pine","Tingey et al., 2006"
3,96,-0.120163587486998,0.502080774558208,1,5,2,"USEPA_pine","Tingey et al., 2006"
3,96,0.146118543460255,0.439963196681833,1,5,2,"USEPA_pine","Tingey et al., 2006"
3,96,-0.0970824956386296,0.486636773152952,1,5,3,"USEPA_pine","Tingey et al., 2006"
3,96,0.122314872629015,0.413820035219303,1,5,2,"USEPA_pine","Tingey et al., 2006"
3,96,-0.420580933394139,0.741485959529322,1,5,1,"USEPA_pine","Tingey et al., 2006"
3,96,0.0126852478520072,0.442246902887564,1,5,1,"USEPA_pine","Tingey et al., 2006"
3,96,-0.291774405872116,0.541146737753677,1,5,2,"USEPA_pine","Tingey et al., 2006"
3,96,-0.187310826705438,0.997488982389023,1,5,2,"USEPA_pine","Tingey et al., 2006"
3,96,-0.172474175153345,0.458430935379919,1,5,0,"USEPA_pine","Tingey et al., 2006"
3,96,-0.614256002955936,0.856799889972201,1,5,2,"USEPA_pine","Tingey et al., 2006"
3,96,-0.0565766084830284,0.374147773992797,1,5,2,"USEPA_pine","Tingey et al., 2006"
3,96,0.13071672940133,0.623967367861958,1,5,0,"USEPA_pine","Tingey et al., 2006"
3,96,-0.371563607594823,0.581507435163506,1,5,0,"USEPA_pine","Tingey et al., 2006"
3,96,0.0919939529239987,0.287106322623745,1,5,1,"USEPA_pine","Tingey et al., 2006"
3,96,-0.152472957187486,0.402215541238128,1,5,2,"USEPA_pine","Tingey et al., 2006"
3,96,0.190848120688392,0.234695016422582,1,5,0,"USEPA_pine","Tingey et al., 2006"
3,96,-0.0486651872043782,0.690613587533156,1,5,2,"USEPA_pine","Tingey et al., 2006"
3,96,0.0246601507187157,0.24135932103648,1,5,3,"USEPA_pine","Tingey et al., 2006"
2,97,-0.00533334597536262,0.0047528836161566,1,5,4,"USEPA_pseudotsuga","Olszyk et al., 2003"
3,97,-0.139043324479064,0.092297062431963,1,5,3,"USEPA_pseudotsuga","Tingey et al., 2006(2)"
3,97,-0.130490216328403,0.0924998444398167,1,5,4,"USEPA_pseudotsuga","Tingey et al., 2006(2)"
1,97,0.184747353804726,0.035675733608223,1,5,4,"USEPA_pseudotsuga","Olszyk et al., 2003"
1,97,-0.15236508770391,0.0499854305840074,3,5,4,"USEPA_pseudotsuga","Olszyk et al., 2003"
2,97,0.010582109330537,0.0152024188993209,3,5,4,"USEPA_pseudotsuga","Olszyk et al., 2003"
3,97,-0.179696678199385,0.0952389693565129,3,5,3,"USEPA_pseudotsuga","Tingey et al., 2006(2)"
3,97,-0.173747366831941,0.0957085254615468,3,5,4,"USEPA_pseudotsuga","Tingey et al., 2006(2)"
3,97,-0.0439880098245704,0.0827688553134122,2,5,4,"USEPA_pseudotsuga","Tingey et al., 2006(2)"
1,97,-0.216156742975876,0.0515468726854137,2,5,4,"USEPA_pseudotsuga","Olszyk et al., 2003"
2,97,0,0.0104685377990922,2,5,4,"USEPA_pseudotsuga","Olszyk et al., 2003"
3,97,-0.04883754108473,0.0822220461062484,2,5,3,"USEPA_pseudotsuga","Tingey et al., 2006(2)"
3,98,-0.109781110163223,0.0500245606724125,1,5,7,"webFACE","Bader & Körner, 2010"
3,98,0.0921274468886084,0.0353767847014754,1,5,7,"webFACE","Bader & Körner, 2010"
3,98,0.17624671785751,0.0139593813148091,1,5,7,"webFACE","Bader & Körner, 2010"
3,98,0.00726688704537818,0.0183101488539705,1,5,7,"webFACE","Bader & Körner, 2010"
3,98,-0.0871846842117755,0.0208928891172449,1,5,7,"webFACE","Bader & Körner, 2010"
3,98,-0.0846555047325107,0.0112322894994177,1,5,7,"webFACE","Bader & Körner, 2010"
3,98,0.0459520900512848,0.0234032660861764,1,5,7,"webFACE","Bader & Körner, 2010"
3,98,-0.0829864301154929,0.0155989780412183,1,5,7,"webFACE","Bader & Körner, 2010"
3,98,-0.102481226785178,0.0183043583838552,1,5,7,"webFACE","Bader & Körner, 2010"
3,98,0.182972849039956,0.0208147789512237,1,5,7,"webFACE","Bader & Körner, 2010"
3,98,-0.147070302461418,0.015390350545622,1,5,7,"webFACE","Bader & Körner, 2010"
3,98,0.217914781231411,0.0160008237544177,1,5,7,"webFACE","Bader & Körner, 2010"
3,98,-0.358309970190887,0.0162272534234355,1,5,7,"webFACE","Bader & Körner, 2010"
3,98,-0.128389763252548,0.0108995036087952,1,5,7,"webFACE","Bader & Körner, 2010"
3,98,-0.00554530071642515,0.0124045760743959,1,5,7,"webFACE","Bader & Körner, 2010"
3,98,-0.0448891839786505,0.0243138561639744,1,5,7,"webFACE","Bader & Körner, 2010"
3,98,-0.0363883239140331,0.0166347711888053,1,5,7,"webFACE","Bader & Körner, 2010"
3,98,-0.19210669341498,0.0245994772025783,1,5,7,"webFACE","Bader & Körner, 2010"
3,98,-0.0553936889625911,0.0114349079223948,1,5,7,"webFACE","Bader & Körner, 2010"
3,98,0.112697969423591,0.0232645745004022,1,5,7,"webFACE","Bader & Körner, 2010"
3,98,-0.156921839390368,0.0104748828201683,1,5,7,"webFACE","Bader & Körner, 2010"
3,98,-0.328857986635967,0.0178779458948278,1,5,7,"webFACE","Bader & Körner, 2010"
3,98,-0.0644043919709828,0.018255341191652,1,5,7,"webFACE","Bader & Körner, 2010"
3,98,-0.303985140596042,0.0166920974940223,1,5,7,"webFACE","Bader & Körner, 2010"
3,98,-0.0878496000060184,0.0249095159235724,1,5,7,"webFACE","Bader & Körner, 2010"
2,99,-1.38629436111989,0.6640625,2,3,3,"York_holcus","Hartley et al., 2007"
2,99,-1.3609765531356,2.18477975016437,2,3,3,"York_holcus","Hartley et al., 2007"
2,99,-1.5668782980153,1.46840349978996,2,3,3,"York_holcus","Hartley et al., 2007"
3,99,-0.331645195872897,0.399877333970829,2,3,3,"York_holcus","Hartley et al., 2007"
3,99,-1.14706467205406,1.30691576370456,2,3,3,"York_holcus","Hartley et al., 2007"
3,99,-1.2427461902519,0.552188034543243,2,3,3,"York_holcus","Hartley et al., 2007"
3,99,-0.652085693762172,0.263719619556494,2,3,3,"York_holcus","Hartley et al., 2007"
1,100,-0.165079750359449,0.205732242479128,2,3,NA,"York_plantago","Hawkes et al., 2008"
2,100,-0.362905493689368,0.779643933128544,2,3,NA,"York_plantago","Hawkes et al., 2008"
